id,correo_usuario,etiqueta
55531,,Vacaciones
55541,,Salida con Amigos
55544,stguenca836@tourket.com,
55547,fepevé687@outluc.com,Salida con Familia
55549,remeja739@tourket.com,
55551,maannúde825@edubus.cal,Salida con Familia
55556,Adelallamas253@wass.com,Vacaciones
55562,agustín9413325@outluc.com,Salida con Familia
55563,,Aniversario
55564,,Aniversario
55568,,Aniversario
55570,srbahuro235@viajesanma.com,Salida con Amigos
55577,srgusaes484@outluc.com,Salida con Familia
55578,Jorgezavala800@edubus.cal,Salida con Familia
55579,sr.9923211@tourket.com,Cena de Trabajo
55587,,
55589,Carolinaborrego238@marmol.com,Cena de Trabajo
55590,gerardo5212629@viajesanma.com,Salida con Amigos
55591,sr.6715565@marmol.com,
55595,Elvirahinojosa356@viajesanma.com,Cena de Trabajo
55596,rafael6992690@edubus.cal,
55598,,Vacaciones
55599,raquel716617@viajesanma.com,
55600,Martíncaldera669@viajesanma.com,Vacaciones
55602,Sra.barrera459@edubus.cal,Aniversario
55605,crtobr476@viajesanma.com,Salida con Amigos
55606,geveal411@outluc.com,Cena de Trabajo
55611,emilia2280284@viajesanma.com,Vacaciones
55612,sta.3903315@wass.com,Aniversario
55617,,Salida con Familia
55619,Sta.cardenas262@viajesanma.com,Salida con Familia
55620,olivia4165777@edubus.cal,Vacaciones
55624,césar9102127@edubus.cal,
55626,heávsa295@wass.com,Aniversario
55627,Mónicaburgos781@tourket.com,Cena de Trabajo
55628,sr.2870495@wass.com,Salida con Amigos
55632,,Vacaciones
55643,claudia3864958@marmol.com,Cena de Trabajo
55644,Alejandrabernal475@tourket.com,Vacaciones
55653,srrugiri838@viajesanma.com,
55668,,Salida con Amigos
55669,stmaeutile367@outluc.com,Salida con Amigos
55675,,Salida con Amigos
55678,estela8247925@wass.com,Salida con Amigos
55685,madecamape194@viajesanma.com,Aniversario
55692,,Salida con Familia
55702,Guadalupehernández711@viajesanma.com,Vacaciones
55705,sta.5976739@tourket.com,Salida con Amigos
55706,razave720@wass.com,Salida con Familia
55707,Magdalenarodríquez948@viajesanma.com,Salida con Amigos
55716,stmóbece517@marmol.com,Cena de Trabajo
55717,,Cena de Trabajo
55718,srcoquto425@marmol.com,
55719,macrdepa547@viajesanma.com,
55722,,Cena de Trabajo
55726,salvador3819754@marmol.com,Cena de Trabajo
55727,jacrsa996@marmol.com,Vacaciones
55729,srmateorág301@tourket.com,Vacaciones
55731,maría2395412@outluc.com,Aniversario
55734,Sofiacazares811@wass.com,
55742,sra.5275568@wass.com,Salida con Familia
55744,Susanaserrato707@outluc.com,Salida con Amigos
55748,gucugr643@viajesanma.com,Salida con Amigos
55755,Sra.berríos215@outluc.com,Vacaciones
55756,,Aniversario
55757,ana3795282@edubus.cal,Aniversario
55761,daniela8731263@viajesanma.com,Vacaciones
55762,,
55763,,Salida con Familia
55765,Amaliabarrientos651@viajesanma.com,Aniversario
55766,racová412@tourket.com,
55770,esteban6021415@edubus.cal,
55774,Irenecarrasquillo380@marmol.com,Vacaciones
55780,,Vacaciones
55787,mapipe691@marmol.com,Cena de Trabajo
55794,Ignacioulloa769@marmol.com,
55798,,Vacaciones
55799,Armandomagaña635@viajesanma.com,Aniversario
55801,dasaca993@viajesanma.com,
55804,coceja218@marmol.com,
55805,cotoqu219@viajesanma.com,Cena de Trabajo
55807,magdalena8418579@wass.com,
55814,Sr.archuleta598@edubus.cal,Salida con Amigos
55815,siabbr313@wass.com,Salida con Familia
55819,lumiorse429@viajesanma.com,Aniversario
55826,Gabrielaortega155@outluc.com,Salida con Familia
55828,essese629@outluc.com,Cena de Trabajo
55830,,
55831,stmaeucoza306@viajesanma.com,Salida con Familia
55837,,Cena de Trabajo
55838,Ignaciodelagarza986@edubus.cal,Aniversario
55844,teresa7429718@marmol.com,Vacaciones
55846,behupo888@wass.com,Aniversario
55856,Conchitavaladez228@marmol.com,Salida con Familia
55859,Maríabanda906@marmol.com,Aniversario
55861,mózaho259@edubus.cal,Cena de Trabajo
55878,sranmoac645@marmol.com,Vacaciones
55881,Homerolucio436@marmol.com,Cena de Trabajo
55882,Mercedesalmonte943@marmol.com,Salida con Familia
55894,Sta.urías548@edubus.cal,Salida con Familia
55898,,Aniversario
55902,,Salida con Familia
55905,Julioangulo148@viajesanma.com,Cena de Trabajo
55908,Carolinanarváez993@marmol.com,Aniversario
55911,emhuco747@viajesanma.com,Salida con Amigos
55912,estela8247925@wass.com,Salida con Familia
55916,víctor7118912@edubus.cal,
55924,alvihi145@tourket.com,
55927,Arturonúñez995@tourket.com,
55929,Guadalupehernández711@viajesanma.com,Vacaciones
55945,daniela8731263@viajesanma.com,Cena de Trabajo
55953,srjocapr712@wass.com,Aniversario
55962,,Vacaciones
55963,igcama698@outluc.com,
55974,esteban7685386@outluc.com,Salida con Amigos
55988,sr.1320668@edubus.cal,Cena de Trabajo
55995,Maytequesada714@outluc.com,Salida con Familia
55997,mariana3010734@outluc.com,
56005,juan5231635@marmol.com,Salida con Familia
56008,sr.2004578@outluc.com,
56009,julio610797@marmol.com,
56018,Salvadorornelas952@outluc.com,Salida con Familia
56022,cégudí854@wass.com,Cena de Trabajo
56026,Amaliarojas557@wass.com,Cena de Trabajo
56035,,Cena de Trabajo
56054,ana3795282@edubus.cal,Vacaciones
56057,gilberto3230530@tourket.com,
56060,rebeca1362244@viajesanma.com,Salida con Amigos
56063,cristina8433895@marmol.com,Salida con Amigos
56068,sr.2609815@wass.com,Vacaciones
56072,srlovial552@outluc.com,Cena de Trabajo
56076,esperanza714944@viajesanma.com,Salida con Familia
56078,manuela8638832@tourket.com,Salida con Amigos
56081,majoágla281@tourket.com,Cena de Trabajo
56082,joguve854@outluc.com,Salida con Familia
56083,iscagu257@outluc.com,
56090,Marcelaáguilar314@edubus.cal,Vacaciones
56093,julia8587147@marmol.com,Salida con Amigos
56097,milesa806@wass.com,Salida con Amigos
56109,,Aniversario
56110,josé9370717@wass.com,Salida con Amigos
56112,miguel2832441@edubus.cal,
56113,salvador2465742@outluc.com,Salida con Amigos
56115,Horacioalfaro577@edubus.cal,
56116,,Cena de Trabajo
56126,stmatini267@marmol.com,Salida con Amigos
56127,carla6301208@edubus.cal,Aniversario
56129,,Cena de Trabajo
56130,inés1998839@edubus.cal,Aniversario
56132,Sr.gutiérrez908@outluc.com,Cena de Trabajo
56134,sr.8601983@marmol.com,Vacaciones
56135,,Salida con Amigos
56136,cacoma845@viajesanma.com,Salida con Amigos
56139,,Aniversario
56141,sr.6831640@edubus.cal,Salida con Amigos
56143,Sta.sáenz747@marmol.com,
56148,,Cena de Trabajo
56149,Rocioescobedo268@tourket.com,Vacaciones
56151,marome841@wass.com,Salida con Familia
56165,,Salida con Familia
56167,reyába475@edubus.cal,Aniversario
56176,raúl9292389@wass.com,Salida con Amigos
56180,Arturomesa113@wass.com,Salida con Familia
56190,,Cena de Trabajo
56191,,Aniversario
56193,,Cena de Trabajo
56200,,Cena de Trabajo
56205,maría2605675@outluc.com,Vacaciones
56207,srlerepr997@tourket.com,Aniversario
56208,,Salida con Familia
56214,gubeca477@outluc.com,Vacaciones
56216,Sta.cardenas262@viajesanma.com,Vacaciones
56219,juan2477901@outluc.com,Aniversario
56220,gesamo108@wass.com,Salida con Familia
56233,salvador7196389@outluc.com,Salida con Familia
56235,Alejandrareyes269@viajesanma.com,Salida con Familia
56244,srguaral557@wass.com,Salida con Familia
56245,Sta.acevedo242@tourket.com,Salida con Familia
56247,Mateoenríquez341@tourket.com,Salida con Familia
56253,teeses724@marmol.com,Aniversario
56255,guadalupe9639467@tourket.com,Vacaciones
56258,caesur719@tourket.com,Salida con Familia
56263,Cristianpalomino925@wass.com,Vacaciones
56264,Santiagoabeyta439@marmol.com,Aniversario
56267,Ariadnaurrutia681@viajesanma.com,Salida con Familia
56270,srarchme180@edubus.cal,Salida con Familia
56274,Sta.abrego714@viajesanma.com,Salida con Familia
56282,Miguelaponte944@edubus.cal,Salida con Amigos
56290,elflza953@outluc.com,
56296,,Aniversario
56301,luisa5629886@outluc.com,
56302,Rodrigovillaseñor254@wass.com,
56308,,Vacaciones
56313,,Vacaciones
56317,srvimona836@edubus.cal,Cena de Trabajo
56332,sara6338779@marmol.com,Salida con Amigos
56341,,Cena de Trabajo
56355,joemmaca721@tourket.com,Salida con Familia
56364,,Vacaciones
56379,lemuvi793@wass.com,Cena de Trabajo
56386,gupita391@marmol.com,Salida con Familia
56387,srluhive641@tourket.com,
56403,srjamuag493@wass.com,Aniversario
56407,Mercedesalmonte943@marmol.com,Salida con Amigos
56410,,Salida con Amigos
56412,Ceciliaporras578@outluc.com,Vacaciones
56420,luisa6107945@wass.com,Vacaciones
56426,frcofa460@tourket.com,Vacaciones
56429,Juliodelgadillo874@tourket.com,Vacaciones
56430,carlos1365803@edubus.cal,
56432,Silviaquiroz128@wass.com,
56433,julia3362510@viajesanma.com,
56439,,Cena de Trabajo
56452,gucugr643@viajesanma.com,Vacaciones
56455,Leonorsoliz140@outluc.com,Aniversario
56463,mayte2631301@marmol.com,
56466,alejandro481955@edubus.cal,Salida con Amigos
56471,gilomá332@viajesanma.com,Cena de Trabajo
56473,ana8582626@outluc.com,Salida con Familia
56474,,Aniversario
56475,mabrlo491@edubus.cal,Vacaciones
56478,ana3460130@viajesanma.com,Salida con Familia
56493,,Cena de Trabajo
56497,madecamape194@viajesanma.com,Vacaciones
56498,,Cena de Trabajo
56501,luisa805253@outluc.com,Salida con Familia
56503,jaime9812696@viajesanma.com,Cena de Trabajo
56507,jacobo6008124@wass.com,Salida con Familia
56508,Germánlucio910@marmol.com,
56510,alcaba134@viajesanma.com,Salida con Amigos
56511,Sta.acevedo242@tourket.com,Cena de Trabajo
56515,miáncame917@marmol.com,Aniversario
56523,srregiho246@wass.com,
56529,,Vacaciones
56532,Estebanvargas460@edubus.cal,Salida con Familia
56536,Sta.alicea235@edubus.cal,
56538,daniel4490881@marmol.com,Salida con Amigos
56547,jucaviar580@outluc.com,
56548,octavio3991869@outluc.com,Cena de Trabajo
56551,,Cena de Trabajo
56560,Sta.bahena605@marmol.com,Salida con Familia
56563,sra.5833903@marmol.com,Vacaciones
56565,jucémalo234@wass.com,Salida con Familia
56567,Josefinaolivares376@outluc.com,Aniversario
56580,,Salida con Amigos
56581,Sra.carrion912@outluc.com,Salida con Amigos
56582,savina416@edubus.cal,Cena de Trabajo
56594,madecamape194@viajesanma.com,Salida con Amigos
56598,cltrpu724@marmol.com,Aniversario
56599,susana9892181@marmol.com,Cena de Trabajo
56602,Juanpedraza550@tourket.com,Aniversario
56604,alcaba134@viajesanma.com,Cena de Trabajo
56613,,Salida con Familia
56623,Juliodelgadillo874@tourket.com,
56624,benaco350@edubus.cal,Salida con Familia
56627,,
56637,sonia4827360@outluc.com,Cena de Trabajo
56640,,Salida con Amigos
56641,,Cena de Trabajo
56643,,Cena de Trabajo
56652,,Salida con Amigos
56657,,Vacaciones
56661,,Salida con Familia
56662,Mercedessedillo672@edubus.cal,Vacaciones
56664,froral734@tourket.com,Salida con Familia
56665,cristian5903671@viajesanma.com,Cena de Trabajo
56669,ernesto3883537@tourket.com,Salida con Amigos
56679,srvimona836@edubus.cal,
56687,esteban3413936@tourket.com,
56692,dosaro280@edubus.cal,Salida con Amigos
56695,sta.4933899@tourket.com,
56702,yolanda4907946@viajesanma.com,Salida con Amigos
56715,Sr.oquendo430@viajesanma.com,
56721,sta.9588609@viajesanma.com,
56733,caparo751@tourket.com,Cena de Trabajo
56740,,Salida con Familia
56742,samuel6904991@viajesanma.com,Aniversario
56747,leonor9281645@outluc.com,Salida con Familia
56748,,Salida con Familia
56749,Estelaramos212@marmol.com,
56753,Jorgebonilla879@outluc.com,Cena de Trabajo
56755,,
56761,jolucavi165@wass.com,Vacaciones
56765,srbeguca981@viajesanma.com,Aniversario
56769,srclsámo974@edubus.cal,
56770,alicia4034135@marmol.com,Salida con Familia
56774,natalia5271573@marmol.com,Cena de Trabajo
56777,ernesto3883537@tourket.com,Salida con Amigos
56778,,Cena de Trabajo
56785,,Salida con Amigos
56806,behupo888@wass.com,Aniversario
56811,gucuag705@viajesanma.com,Vacaciones
56814,escapa296@viajesanma.com,Salida con Familia
56822,miáncame917@marmol.com,
56823,manuel7581352@tourket.com,Aniversario
56829,licaca186@wass.com,Salida con Familia
56832,Anasisneros109@outluc.com,Aniversario
56834,rosalia9975276@outluc.com,
56838,Maríaescamilla361@wass.com,
56844,,
56855,caolli626@edubus.cal,Salida con Amigos
56862,ernesto5526433@wass.com,
56867,mategugo433@outluc.com,Cena de Trabajo
56868,anita2549427@outluc.com,Salida con Amigos
56875,Carolinaborrego238@marmol.com,Aniversario
56877,natalia5271573@marmol.com,Aniversario
56879,Sr.quezada287@outluc.com,
56885,gradsa994@tourket.com,
56895,Raúlcaraballo974@marmol.com,
56903,,Salida con Amigos
56908,Doloresanda353@edubus.cal,Vacaciones
56910,fepevé687@outluc.com,Salida con Amigos
56912,,Vacaciones
56916,Concepciónniño206@tourket.com,
56918,,Cena de Trabajo
56919,Mónicavaca417@viajesanma.com,Aniversario
56924,,Vacaciones
56925,cristian3464921@tourket.com,Vacaciones
56929,,Salida con Familia
56930,,Vacaciones
56932,Soledadmontaño336@tourket.com,Vacaciones
56939,Estebanolmos922@marmol.com,
56952,sr.1443500@wass.com,Cena de Trabajo
56953,cristian5903671@viajesanma.com,Vacaciones
56956,oczace953@edubus.cal,Salida con Familia
56957,jolucavi165@wass.com,Salida con Familia
56966,Sta.tejada565@outluc.com,Salida con Amigos
56968,doagne287@edubus.cal,Aniversario
56970,anvafe456@outluc.com,
56971,,Cena de Trabajo
56975,Maríaarmijo187@marmol.com,Aniversario
56976,Jerónimobatista813@edubus.cal,Salida con Amigos
56977,maannúde825@edubus.cal,Aniversario
56991,Joséserrato685@wass.com,Vacaciones
56993,matealol980@edubus.cal,
56996,arbáma992@marmol.com,Cena de Trabajo
57001,,Salida con Amigos
57012,Sra.quiñónez498@outluc.com,
57016,Sr.canales866@wass.com,Cena de Trabajo
57018,Davidjáquez239@marmol.com,Cena de Trabajo
57019,,Vacaciones
57020,edolse351@edubus.cal,Salida con Amigos
57026,,Aniversario
57028,,Aniversario
57031,madeba309@edubus.cal,Salida con Amigos
57034,Rocioescobedo268@tourket.com,Salida con Familia
57035,Evamaya649@edubus.cal,Salida con Amigos
57038,sra.5943477@edubus.cal,Salida con Familia
57040,,Cena de Trabajo
57044,,Vacaciones
57049,,Salida con Familia
57051,alejandro1114795@viajesanma.com,Salida con Amigos
57052,juorpe522@marmol.com,Salida con Familia
57055,Sr.barrera752@tourket.com,Vacaciones
57059,miguel4891310@outluc.com,Aniversario
57061,yolanda8323644@viajesanma.com,
57062,eduardo3027688@marmol.com,Vacaciones
57064,anesca757@outluc.com,Aniversario
57065,,Aniversario
57066,sr.7926462@marmol.com,Salida con Amigos
57085,Fernandoguzmán989@wass.com,Vacaciones
57086,,Aniversario
59880,ana8582626@outluc.com,Aniversario
57087,Soledadvaladez838@edubus.cal,Aniversario
57096,,Salida con Familia
57101,leonor2290253@marmol.com,Cena de Trabajo
57108,Bernardomaya294@tourket.com,Aniversario
57115,,Salida con Amigos
57121,milesa806@wass.com,Aniversario
57123,Arturonúñez995@tourket.com,Salida con Familia
57132,,Vacaciones
57133,,Salida con Familia
57141,maría2395412@outluc.com,Aniversario
57146,,Salida con Familia
57153,stmaeujues659@marmol.com,
57154,srbahuro235@viajesanma.com,Aniversario
57158,sr.1322888@viajesanma.com,
57161,gocasa891@viajesanma.com,Salida con Familia
57162,vígase446@wass.com,Aniversario
57171,lola5393671@viajesanma.com,Cena de Trabajo
57173,,Aniversario
57181,grviza106@viajesanma.com,Salida con Familia
57188,jomajiar184@marmol.com,
57192,girelo892@viajesanma.com,
57198,santiago174707@outluc.com,Salida con Familia
57199,Danielnarváez240@tourket.com,Cena de Trabajo
57209,silvia7626610@edubus.cal,Aniversario
57211,Javiergaytán668@outluc.com,Salida con Amigos
57215,,Aniversario
57217,,Salida con Familia
57225,Sr.olivo335@tourket.com,Salida con Familia
57226,clméco964@outluc.com,Salida con Familia
57228,,Aniversario
57229,,Salida con Familia
57238,,
57240,,Vacaciones
57242,agustín9413325@outluc.com,Cena de Trabajo
57245,sr.7926462@marmol.com,Cena de Trabajo
57246,gldoli313@viajesanma.com,
57254,isrooc986@marmol.com,
57256,capode618@outluc.com,Aniversario
57257,Sra.heredia903@edubus.cal,Salida con Familia
57267,srnaceca743@outluc.com,Cena de Trabajo
57268,Jerónimobatista813@edubus.cal,Salida con Amigos
57271,alberto3440561@wass.com,Vacaciones
57274,Sra.calderón675@edubus.cal,Aniversario
57276,srirbafl220@edubus.cal,Cena de Trabajo
57299,,Aniversario
57301,sr.4693220@tourket.com,
57303,leonor6694280@wass.com,Vacaciones
57304,maricarmen9839855@outluc.com,Aniversario
57306,lihuar761@wass.com,
57310,saarag430@edubus.cal,
57318,Marianobatista892@outluc.com,
57324,Marianaharo153@wass.com,Cena de Trabajo
57325,stmóbece517@marmol.com,Salida con Familia
57328,guadalupe9639467@tourket.com,Aniversario
57333,Beatrizcornejo810@viajesanma.com,Salida con Familia
57336,raregu307@viajesanma.com,
57340,alragá795@marmol.com,Cena de Trabajo
57349,Luisaaponte849@viajesanma.com,Cena de Trabajo
57352,,Salida con Amigos
57353,,Salida con Familia
57354,Sta.delacrúz958@edubus.cal,Vacaciones
57365,sttipimo925@marmol.com,Cena de Trabajo
57373,armando8288965@tourket.com,Salida con Amigos
57380,,Cena de Trabajo
57382,Antoniaferrer521@marmol.com,
57385,ester2119354@wass.com,Salida con Amigos
57391,lubaes429@outluc.com,Vacaciones
57400,fernando3957662@edubus.cal,Aniversario
57408,jucémalo234@wass.com,Salida con Amigos
57410,sacope302@edubus.cal,Vacaciones
57411,joaquín6096243@tourket.com,Salida con Amigos
57413,,Salida con Amigos
57419,,Salida con Amigos
57420,Guadalupegarica470@tourket.com,Salida con Amigos
57422,esjira485@viajesanma.com,
57424,sr.2210562@outluc.com,Vacaciones
57427,arturo6777880@marmol.com,Salida con Amigos
57429,Ramiromercado584@marmol.com,Aniversario
57433,,Aniversario
57445,jogrbr450@edubus.cal,Salida con Amigos
57450,Germánbriseño409@viajesanma.com,Aniversario
57457,alejandro2734446@viajesanma.com,Cena de Trabajo
57472,Ceciliazúñiga538@marmol.com,Salida con Amigos
57473,,
57479,macape258@viajesanma.com,
57484,,Salida con Amigos
57491,aldedo325@wass.com,Vacaciones
57496,alragá795@marmol.com,Salida con Amigos
57499,guraza832@wass.com,Aniversario
57507,ánurta990@wass.com,
57508,Ariadnaurrutia681@viajesanma.com,Salida con Familia
57520,,Vacaciones
57522,crmaal295@viajesanma.com,Cena de Trabajo
57530,Cristianesquibel551@viajesanma.com,
57532,olorde572@outluc.com,Salida con Familia
57537,,Vacaciones
57544,maricarmen9839855@outluc.com,Cena de Trabajo
57551,Yolandahurtado690@edubus.cal,
57564,,Vacaciones
57565,jolutego497@marmol.com,Vacaciones
57571,mateo2993116@wass.com,Cena de Trabajo
57575,,Aniversario
57578,Cristianpalomino925@wass.com,Salida con Familia
57586,silvia7626610@edubus.cal,Salida con Amigos
57587,Sra.orellana543@tourket.com,Vacaciones
57595,Sta.parra771@marmol.com,Vacaciones
57602,Cristianmontenegro785@edubus.cal,Salida con Amigos
57605,Oliviavillanueva647@wass.com,Vacaciones
57608,,Cena de Trabajo
57610,,Salida con Familia
57611,gilberto8347756@outluc.com,Aniversario
57612,esnime271@viajesanma.com,
57613,marire597@viajesanma.com,Salida con Amigos
57614,crmaal295@viajesanma.com,Cena de Trabajo
57639,pafldean477@outluc.com,Aniversario
57651,Amaliabarrientos651@viajesanma.com,Salida con Amigos
57652,daniela8731263@viajesanma.com,Cena de Trabajo
57653,gilberto6197396@wass.com,Cena de Trabajo
57659,racaca290@viajesanma.com,Vacaciones
57666,francisca9727560@marmol.com,
57671,tecafl392@marmol.com,Salida con Amigos
57682,,
57684,sra.1772343@outluc.com,
57688,srtiprme280@wass.com,Aniversario
57690,maría9006848@edubus.cal,
57695,Blancapuente777@marmol.com,Vacaciones
57700,Analomeli512@outluc.com,Salida con Amigos
57706,,Salida con Familia
57713,erjasi436@wass.com,Aniversario
57718,Sta.delvalle496@tourket.com,Salida con Familia
57719,Alfredobatista191@wass.com,
57724,roares206@tourket.com,Vacaciones
57728,margarita8382853@tourket.com,Salida con Amigos
57730,pabusa292@outluc.com,Cena de Trabajo
57731,sta.5976739@tourket.com,Vacaciones
57732,,Salida con Familia
57742,lorena9566676@tourket.com,Aniversario
57743,Ramirourías648@outluc.com,
57744,Hernántorres698@outluc.com,Cena de Trabajo
57745,Césarlara931@outluc.com,Vacaciones
57754,srsucava574@viajesanma.com,Salida con Amigos
57758,Vicentegallegos656@outluc.com,Aniversario
57765,Juanavargas840@outluc.com,Cena de Trabajo
57769,,Vacaciones
57774,sta.4532828@tourket.com,Aniversario
57775,stritiva170@marmol.com,Cena de Trabajo
57788,johugr918@viajesanma.com,Vacaciones
57793,césar5785913@edubus.cal,Aniversario
57796,,Salida con Amigos
57803,,Aniversario
57805,,
57815,ana3795282@edubus.cal,Cena de Trabajo
57831,sra.9186560@outluc.com,
57838,,
57845,,Aniversario
57846,rochbe319@tourket.com,Cena de Trabajo
57850,carlos1365803@edubus.cal,Cena de Trabajo
57853,Sr.quezada287@outluc.com,Cena de Trabajo
57855,Isabelrascón708@tourket.com,Cena de Trabajo
57859,Mercedesalmonte943@marmol.com,Vacaciones
57881,sr.1742141@outluc.com,Cena de Trabajo
57882,maría2395412@outluc.com,Salida con Familia
57889,,Aniversario
57894,heguec389@wass.com,Vacaciones
57898,Ceciliamontes538@edubus.cal,
57901,Sr.vaca608@marmol.com,Vacaciones
57904,leonor6694280@wass.com,Salida con Familia
57905,lourdes7750833@marmol.com,Salida con Familia
57910,victoria4583868@tourket.com,Salida con Familia
57919,admona298@edubus.cal,Aniversario
57920,rodrigo8215714@edubus.cal,Vacaciones
57927,esperanza714944@viajesanma.com,Cena de Trabajo
57932,Anaquiroz253@outluc.com,Salida con Familia
57936,lucia6788267@tourket.com,
57946,Sra.alcántar365@wass.com,Cena de Trabajo
57952,Anitasolorzano971@wass.com,Salida con Amigos
57958,,
57969,maría3179898@edubus.cal,Aniversario
57973,marisol888147@outluc.com,Salida con Amigos
57977,sr.6042178@viajesanma.com,Salida con Familia
57981,Teodoropeña685@wass.com,Vacaciones
57987,agustín1788879@wass.com,Cena de Trabajo
57990,sta.6908701@wass.com,Aniversario
57992,,Cena de Trabajo
57995,ester2119354@wass.com,Vacaciones
57996,Sra.acosta985@marmol.com,Salida con Amigos
57997,sr.6042178@viajesanma.com,Vacaciones
57998,Vicentevergara483@marmol.com,Salida con Amigos
58004,blpavi311@edubus.cal,Aniversario
58008,,Salida con Familia
58010,cristobal6780995@outluc.com,
58014,,Vacaciones
58023,Sta.acevedo242@tourket.com,Vacaciones
58029,ana8583900@tourket.com,Aniversario
58030,sradarco814@marmol.com,Aniversario
58032,ramón5115143@edubus.cal,Salida con Familia
58042,,Salida con Amigos
58047,Ramónnoriega776@wass.com,
58049,mózaho259@edubus.cal,Vacaciones
58050,yolanda4907946@viajesanma.com,Salida con Amigos
58055,Rafaelpiña439@viajesanma.com,Vacaciones
58056,rogice917@wass.com,Cena de Trabajo
58061,,Salida con Amigos
58062,,Salida con Familia
58068,Ricardogallegos900@viajesanma.com,Cena de Trabajo
58077,Sta.esparza835@viajesanma.com,
58089,julio2912437@viajesanma.com,
58090,oczace953@edubus.cal,Aniversario
58099,marisol5737307@viajesanma.com,Aniversario
58100,,Aniversario
58103,mariano1333835@edubus.cal,Salida con Familia
58108,santiago253387@edubus.cal,
58111,gilberto4249738@wass.com,Vacaciones
58118,leonor9281645@outluc.com,
58127,Ramiropuente583@marmol.com,Cena de Trabajo
58130,octavio6319425@edubus.cal,Vacaciones
58131,Tomásespinal733@wass.com,Salida con Familia
58133,Marianoapodaca861@tourket.com,Salida con Amigos
58134,josefina7589382@outluc.com,Cena de Trabajo
58137,argabe875@marmol.com,Aniversario
58139,Antoniamurillo361@wass.com,
58140,,Cena de Trabajo
58143,vegupa144@wass.com,
58144,sra.1772343@outluc.com,
58146,jucésaáv973@tourket.com,Salida con Amigos
58153,,Salida con Familia
58154,sofia4802645@edubus.cal,
58156,Mónicaburgos781@tourket.com,Salida con Amigos
58162,Mayteríos812@tourket.com,Salida con Amigos
58168,rovaco363@marmol.com,Salida con Amigos
58172,mateo5983221@edubus.cal,Aniversario
58176,leonor984854@edubus.cal,Salida con Familia
58185,germán728890@viajesanma.com,Aniversario
58187,,Salida con Familia
58189,Mónicaburgos781@tourket.com,Vacaciones
58195,,Salida con Familia
58220,guillermo8423619@wass.com,
58221,sta.7748363@wass.com,Cena de Trabajo
58223,Soledadmontaño336@tourket.com,Cena de Trabajo
58227,sta.8204248@tourket.com,Vacaciones
58230,srtobeal705@outluc.com,Salida con Familia
58233,hugo1217548@outluc.com,Cena de Trabajo
58239,sra.6947633@tourket.com,Cena de Trabajo
58243,,Aniversario
58257,Cristiancamarillo609@wass.com,Cena de Trabajo
58261,,
58262,Hernántorres698@outluc.com,Salida con Amigos
58264,,
58267,andrea2042333@outluc.com,Vacaciones
58275,,Vacaciones
58277,milesa806@wass.com,Salida con Amigos
58284,heávsa295@wass.com,Vacaciones
58285,elsa2531473@wass.com,Vacaciones
58286,,Vacaciones
58287,,Vacaciones
58292,sra.5275568@wass.com,Vacaciones
58295,Anasisneros109@outluc.com,Aniversario
58296,Claudiareyna794@tourket.com,Salida con Amigos
58300,roares206@tourket.com,Salida con Amigos
58310,,Salida con Familia
58311,julia6741138@edubus.cal,Salida con Amigos
58316,germán8632454@wass.com,Vacaciones
58318,,
58320,envabu625@outluc.com,
58327,mateo688995@wass.com,Cena de Trabajo
58328,gerardo2375499@wass.com,Aniversario
58331,,Salida con Familia
58334,sta.8137709@outluc.com,Aniversario
58336,secaba790@outluc.com,Salida con Familia
58337,Mercedesalmonte943@marmol.com,Salida con Familia
58338,,Cena de Trabajo
58342,nicolás2999751@wass.com,
58350,ana8582626@outluc.com,Vacaciones
58353,,Salida con Amigos
58360,Eduardomontaño329@tourket.com,
58365,claudio5165940@outluc.com,Cena de Trabajo
58369,satece760@wass.com,Vacaciones
58380,Carlostapia868@wass.com,Salida con Amigos
58382,Gabrielaalcaraz113@marmol.com,Salida con Amigos
58383,eva9164499@edubus.cal,
58384,,Salida con Amigos
58386,alsofu422@tourket.com,
58387,Luisportillo880@marmol.com,Salida con Familia
58394,Mercedessedillo672@edubus.cal,Aniversario
58409,juan4715798@outluc.com,Salida con Amigos
58411,,Vacaciones
58413,luz4136884@tourket.com,Aniversario
58418,anlegu945@wass.com,
58422,,Salida con Familia
58434,Magdalenagirón148@outluc.com,Aniversario
58436,antonio6322474@wass.com,Salida con Familia
58437,stgogamo185@wass.com,
58440,Luismota517@outluc.com,Cena de Trabajo
58441,Oliviahernández922@marmol.com,Salida con Amigos
58446,joemcava219@viajesanma.com,
58455,sr.6145544@tourket.com,Salida con Amigos
58468,amlapo725@marmol.com,Salida con Amigos
58482,,Cena de Trabajo
58487,amalia7474825@tourket.com,
58502,vifete192@edubus.cal,Salida con Familia
58504,Ernestosolano658@tourket.com,Salida con Familia
58513,maría925295@edubus.cal,Aniversario
58517,dacave754@wass.com,Salida con Familia
58529,rodrigo9600446@edubus.cal,Salida con Familia
58531,Liliacardenas684@wass.com,Vacaciones
58532,aravay153@edubus.cal,Salida con Amigos
58538,gugoar622@tourket.com,Cena de Trabajo
58542,,Cena de Trabajo
58544,Amaliabarrientos651@viajesanma.com,Salida con Amigos
58551,,Cena de Trabajo
58556,ana724203@outluc.com,
58558,,
58564,,Cena de Trabajo
58565,iscagu257@outluc.com,Cena de Trabajo
58566,Lauramartínez879@outluc.com,Vacaciones
58567,Leonorsoliz140@outluc.com,Vacaciones
58569,Marcelanieves458@viajesanma.com,Vacaciones
58583,Adelallamas253@wass.com,Salida con Amigos
58587,Estersegura683@wass.com,Cena de Trabajo
58589,,Vacaciones
58598,,Salida con Amigos
58599,malutelo499@tourket.com,Cena de Trabajo
58618,,
58620,jacobo4678726@tourket.com,
58629,Germánbriseño409@viajesanma.com,Salida con Familia
58631,carlos3895464@tourket.com,Vacaciones
58632,lomodo833@outluc.com,Cena de Trabajo
58633,Cristianamaya567@edubus.cal,Salida con Familia
58634,Andreacasas277@tourket.com,Salida con Familia
58637,Raúlrendón304@viajesanma.com,Vacaciones
58643,,Aniversario
58645,sta.831723@tourket.com,Aniversario
58646,srromoyá724@viajesanma.com,Salida con Amigos
58652,hugo1217548@outluc.com,Vacaciones
58659,,Salida con Familia
58665,Franciscoávila759@wass.com,Salida con Amigos
58668,jabres366@viajesanma.com,Vacaciones
58669,salvador2465742@outluc.com,Cena de Trabajo
58673,loorur460@marmol.com,
58675,sressoga952@tourket.com,Salida con Amigos
58681,joemmaca721@tourket.com,Cena de Trabajo
58683,ana8383232@tourket.com,Salida con Familia
58687,Sta.cardenas262@viajesanma.com,Vacaciones
58691,Carlosojeda459@marmol.com,
58692,,
58693,,Aniversario
58702,conchita9423845@viajesanma.com,Salida con Amigos
58705,Sra.berríos215@outluc.com,Cena de Trabajo
58710,,Cena de Trabajo
58711,,Salida con Familia
58717,,Salida con Amigos
58719,Sr.tirado913@outluc.com,Salida con Amigos
58723,Leonorlira195@viajesanma.com,
58729,Carolinaarreola784@tourket.com,Salida con Amigos
58732,alberto3440561@wass.com,Cena de Trabajo
58741,,Cena de Trabajo
58755,,Aniversario
58762,lorenzo9604784@edubus.cal,
58770,octavio2825116@outluc.com,Salida con Familia
58773,cotoqu219@viajesanma.com,Vacaciones
58776,agustín2795217@wass.com,Salida con Familia
58779,maría4407147@wass.com,Cena de Trabajo
58783,Franciscagodoy745@viajesanma.com,Salida con Familia
58784,Claravela647@wass.com,
58785,Hugosoria320@outluc.com,Salida con Familia
58789,joluávju208@edubus.cal,
58802,,Cena de Trabajo
58833,mateo3147170@edubus.cal,Vacaciones
58839,,Aniversario
58847,,Vacaciones
58850,maría6924571@wass.com,
58851,ana8305224@wass.com,Salida con Familia
58860,lourpu923@outluc.com,Vacaciones
58864,,Cena de Trabajo
58865,,Cena de Trabajo
58870,,Vacaciones
58877,susana9892181@marmol.com,Salida con Amigos
58888,marco8536482@viajesanma.com,Cena de Trabajo
58889,Sra.duran751@viajesanma.com,Vacaciones
58897,lourdes1987188@edubus.cal,Cena de Trabajo
58900,Anacollazo583@wass.com,Aniversario
58901,mario3024191@tourket.com,Aniversario
58912,luisa872547@wass.com,Salida con Familia
58914,Manuelcarrion396@outluc.com,Salida con Amigos
58915,guarsá983@outluc.com,Aniversario
58926,sacara440@viajesanma.com,Aniversario
58927,maría5744972@outluc.com,
58931,hugo1217548@outluc.com,Aniversario
58933,,Cena de Trabajo
58936,,Aniversario
58941,,Salida con Amigos
58942,francisca2718680@edubus.cal,Aniversario
58947,jucépial277@viajesanma.com,Salida con Amigos
58949,srracaal432@wass.com,Cena de Trabajo
58950,,Salida con Familia
58952,junepe364@viajesanma.com,
58957,Margaritacastro329@viajesanma.com,Salida con Familia
58967,Carlostoro625@marmol.com,Aniversario
58980,leonor984854@edubus.cal,Salida con Familia
58983,elpapo510@edubus.cal,
58990,oczace953@edubus.cal,Vacaciones
58992,mateo5983221@edubus.cal,Aniversario
58997,jocota452@wass.com,
58999,josé5639328@marmol.com,Salida con Amigos
59003,,Salida con Amigos
59007,ricardo6533570@wass.com,Salida con Familia
59012,Sr.tapia171@tourket.com,Aniversario
59017,Salvadorcamarillo394@tourket.com,Cena de Trabajo
59019,srromoyá724@viajesanma.com,Salida con Familia
59021,ocsaso237@outluc.com,Vacaciones
59029,srvimefl216@tourket.com,Vacaciones
59031,,Cena de Trabajo
59035,,Salida con Amigos
59041,Agustíndeleón463@wass.com,
59043,Maríabanda906@marmol.com,Aniversario
59047,alcaba134@viajesanma.com,
59048,rafael3265304@tourket.com,Salida con Familia
59050,alicia4034135@marmol.com,Aniversario
59058,Santiagoabeyta439@marmol.com,Aniversario
59059,Sta.garrido707@outluc.com,Aniversario
59063,mariana3010734@outluc.com,Vacaciones
59065,emmole216@viajesanma.com,Aniversario
59080,,Cena de Trabajo
59082,octavio9566626@edubus.cal,Salida con Familia
59085,Manuelatoledo658@tourket.com,Aniversario
59087,adseva961@outluc.com,
59089,,Vacaciones
59091,srarsoná213@viajesanma.com,Vacaciones
59093,bemori869@marmol.com,Salida con Amigos
59096,Isabelvergara485@edubus.cal,Vacaciones
59101,débora7320908@marmol.com,Salida con Amigos
59106,,Vacaciones
59107,javier4780879@viajesanma.com,
59113,Sr.canales866@wass.com,Salida con Familia
59123,dosaro280@edubus.cal,Aniversario
59127,elsa4211235@wass.com,Vacaciones
59131,,Aniversario
59138,Maytezúñiga502@edubus.cal,
59139,macaol835@marmol.com,Salida con Familia
59140,,Cena de Trabajo
59141,srdotaal368@wass.com,Vacaciones
59142,,Salida con Familia
59145,,Aniversario
59147,anmasole255@marmol.com,Salida con Familia
59148,claudio5165940@outluc.com,Salida con Familia
59150,,Salida con Amigos
59154,Rafaelmeza637@wass.com,Cena de Trabajo
59155,,Salida con Amigos
59165,maría3320104@wass.com,
59167,,Aniversario
59181,sttipimo925@marmol.com,Salida con Amigos
59184,jetara275@marmol.com,Cena de Trabajo
59189,,Cena de Trabajo
59191,savina416@edubus.cal,Salida con Familia
59196,ángela1550142@viajesanma.com,Vacaciones
59198,martín1813330@wass.com,Aniversario
59202,Lolasegovia453@tourket.com,Aniversario
59204,,Salida con Amigos
59207,Gilbertomota360@wass.com,
59212,Sr.vigil856@tourket.com,Salida con Familia
59219,sta.4532828@tourket.com,Cena de Trabajo
59221,débora6339473@marmol.com,
59225,racaca290@viajesanma.com,Cena de Trabajo
59234,vetaca799@tourket.com,Cena de Trabajo
59235,Hernáncarvajal329@wass.com,Vacaciones
59246,,Cena de Trabajo
59247,inés1998839@edubus.cal,Cena de Trabajo
59252,,
59261,virava360@viajesanma.com,Aniversario
59266,Benitonaranjo830@marmol.com,Aniversario
59270,alicia5355768@marmol.com,
59275,Evalucero285@viajesanma.com,Aniversario
59279,mario3024191@tourket.com,Salida con Familia
59287,,Vacaciones
59290,Hernánespino970@edubus.cal,Aniversario
59294,,Salida con Familia
59304,teresa7429718@marmol.com,Salida con Familia
59306,gilberto8347756@outluc.com,Vacaciones
59321,mabama470@outluc.com,
59329,Sr.amaya148@marmol.com,Aniversario
59332,Sta.quintanilla963@viajesanma.com,
59341,luz4136884@tourket.com,Vacaciones
59351,Josérosales294@wass.com,Cena de Trabajo
59353,rubén9519542@edubus.cal,Aniversario
59361,Virginianava347@marmol.com,Vacaciones
59362,stanmaan993@wass.com,
59363,Marianoaguirre601@marmol.com,
59365,Horacioserna702@edubus.cal,Salida con Amigos
59368,tomás207795@outluc.com,Salida con Familia
59374,alveol354@marmol.com,Salida con Familia
59382,,Salida con Amigos
59383,,Cena de Trabajo
59385,mateo688995@wass.com,Salida con Familia
59387,Susanarosado993@wass.com,Salida con Amigos
59399,Antonioregalado492@marmol.com,Cena de Trabajo
59400,,Salida con Familia
59403,,Aniversario
59405,Sr.vigil856@tourket.com,Aniversario
59407,Lucasfrías890@edubus.cal,Aniversario
59409,Raúllozada880@marmol.com,Aniversario
59411,sofia1153676@wass.com,Vacaciones
59412,juorpe522@marmol.com,Salida con Familia
59415,pedro635524@marmol.com,
59426,,Aniversario
59433,Conchitavaladez228@marmol.com,Aniversario
59436,armando8288965@tourket.com,Aniversario
59438,Maríabriseño689@edubus.cal,Cena de Trabajo
59440,anrihi947@outluc.com,
59441,Víctorquiñónez747@outluc.com,Vacaciones
59445,blluad902@marmol.com,
59453,alleoz221@edubus.cal,Cena de Trabajo
59456,,Vacaciones
59459,,Aniversario
59469,Maricarmensegovia355@viajesanma.com,Aniversario
59473,Emiliobarrios899@edubus.cal,
59475,sra.653511@viajesanma.com,
59477,Sr.acevedo879@edubus.cal,Aniversario
59482,caolli626@edubus.cal,Vacaciones
59489,mateo688995@wass.com,Vacaciones
59490,Magdalenagirón148@outluc.com,Salida con Familia
59520,stirbaso677@tourket.com,
59525,Raúlgarcía387@marmol.com,Vacaciones
59530,Maytenoriega971@edubus.cal,Cena de Trabajo
59540,esfial523@wass.com,
59544,Ricardorubio496@marmol.com,
59548,Salvadorlara526@edubus.cal,Salida con Familia
59550,sr.9923211@tourket.com,Salida con Amigos
59553,Blancaacevedo582@tourket.com,Vacaciones
59558,Miguelabeyta172@wass.com,Vacaciones
59559,losori293@wass.com,Salida con Familia
59563,julia8587147@marmol.com,Aniversario
59571,josé7260933@wass.com,Salida con Familia
59572,,Vacaciones
59575,armando8288965@tourket.com,Cena de Trabajo
59578,cristina8433895@marmol.com,
59583,pedro2380727@tourket.com,
59584,Virginianava347@marmol.com,
59588,Sr.santacruz224@wass.com,Salida con Amigos
59593,Martíncaldera669@viajesanma.com,Vacaciones
59598,gibamu940@viajesanma.com,
59605,,Salida con Amigos
59610,alfredo1239458@edubus.cal,Cena de Trabajo
59611,,Aniversario
59615,,Salida con Familia
59616,viarga905@outluc.com,Aniversario
59617,Sra.rodarte620@tourket.com,
59623,caridad9349337@wass.com,Salida con Amigos
59628,Jorgehernández478@tourket.com,Salida con Familia
59635,,Salida con Amigos
59636,jotovi942@viajesanma.com,
59650,sra.1689413@outluc.com,
59660,macape258@viajesanma.com,Aniversario
59663,teodoro5107494@tourket.com,Salida con Familia
59666,Horacioreyna175@edubus.cal,Salida con Familia
59668,jamuar402@tourket.com,Salida con Familia
59681,julio9565706@outluc.com,Salida con Amigos
59684,jucécoyb294@outluc.com,
59687,sta.2490450@wass.com,Aniversario
59689,,Vacaciones
59690,josefina3559243@edubus.cal,
59694,srmateorág301@tourket.com,Salida con Familia
59699,caridad7249354@edubus.cal,
59703,,Salida con Familia
59709,gustavo6078203@tourket.com,Salida con Familia
59713,roares206@tourket.com,Vacaciones
59714,erjasi436@wass.com,Vacaciones
59717,Ceciliamelgar761@wass.com,Vacaciones
59720,Sr.venegas926@wass.com,Aniversario
59722,magaes872@wass.com,Salida con Familia
59724,srroguti835@tourket.com,Cena de Trabajo
59731,ismeve842@outluc.com,Salida con Familia
59734,Diegomatos748@edubus.cal,
59736,margarita8382853@tourket.com,Salida con Familia
59743,,Cena de Trabajo
59745,,Cena de Trabajo
59746,,Salida con Familia
59750,jucémalo234@wass.com,Aniversario
59752,samuel6904991@viajesanma.com,Salida con Amigos
59761,Sr.castillo351@edubus.cal,Salida con Amigos
59768,Andrearuiz309@outluc.com,Salida con Familia
59771,,Cena de Trabajo
59775,,Vacaciones
59776,teeses724@marmol.com,Salida con Amigos
59777,Mariovaldés105@outluc.com,Vacaciones
59778,,Salida con Amigos
59789,Santiagoabeyta439@marmol.com,Cena de Trabajo
59792,,Vacaciones
59802,Gloriabravo118@viajesanma.com,
59806,antonio6322474@wass.com,Salida con Amigos
59808,,Aniversario
59809,secaba790@outluc.com,Vacaciones
59810,sranmele250@viajesanma.com,Cena de Trabajo
59815,Horacioalfaro577@edubus.cal,Salida con Familia
59821,,Salida con Familia
59839,gucugr643@viajesanma.com,Aniversario
59846,Danielaramos196@viajesanma.com,
59849,salvador7370915@tourket.com,Cena de Trabajo
59854,sta.3807366@outluc.com,Aniversario
59863,miáncame917@marmol.com,Cena de Trabajo
59867,isabela9927916@edubus.cal,Salida con Amigos
59869,,Aniversario
59870,,Salida con Familia
59872,virginia7123186@edubus.cal,Aniversario
59873,,Aniversario
59874,daniel5330297@edubus.cal,Salida con Amigos
59885,heávsa295@wass.com,Aniversario
59891,yolanda4907946@viajesanma.com,Aniversario
59892,,Vacaciones
59895,alejandro2734446@viajesanma.com,Aniversario
59902,srirbafl220@edubus.cal,Salida con Familia
59905,,
59914,marco8536482@viajesanma.com,Vacaciones
59916,,Aniversario
59919,germán8632454@wass.com,Cena de Trabajo
59921,horacio8321895@wass.com,Aniversario
59930,Raúlrendón304@viajesanma.com,Cena de Trabajo
59932,rejiro250@edubus.cal,Vacaciones
59933,Octavioroldán829@edubus.cal,Aniversario
59940,Maríamontero518@outluc.com,Vacaciones
59941,Sta.urías548@edubus.cal,Cena de Trabajo
59944,mariano1333835@edubus.cal,Vacaciones
59948,,
59955,Susanarosado993@wass.com,Salida con Amigos
59956,sacara440@viajesanma.com,Vacaciones
59957,,Salida con Familia
59962,,
59967,,Cena de Trabajo
59973,dacave754@wass.com,Salida con Amigos
59975,octavio2825116@outluc.com,Aniversario
59976,,Cena de Trabajo
59978,srracaal432@wass.com,Aniversario
59980,manuela8638832@tourket.com,Aniversario
59990,aravay153@edubus.cal,
59994,,Cena de Trabajo
60000,dolores5452500@tourket.com,
60001,srlubaqu223@wass.com,
60005,clesja490@marmol.com,
60008,,
60012,guocro846@viajesanma.com,
60028,ricardo4506845@outluc.com,Salida con Amigos
60029,Sra.sánchez672@outluc.com,
60031,sra.8417190@outluc.com,Salida con Familia
60040,óstobe285@marmol.com,Salida con Amigos
60042,,Cena de Trabajo
60046,,Aniversario
60055,marco8536482@viajesanma.com,Salida con Familia
60063,gumebe955@tourket.com,
60065,,Salida con Amigos
60067,Martínlara796@wass.com,
60072,grgafa303@marmol.com,Cena de Trabajo
60084,,Salida con Amigos
60086,isabela9927916@edubus.cal,Aniversario
60090,raúl9292389@wass.com,Aniversario
60092,,Salida con Familia
60094,,Vacaciones
60099,heávsa295@wass.com,Vacaciones
60104,sra.6769211@viajesanma.com,
60109,Octaviovarela475@tourket.com,
60118,Rebecaalicea844@wass.com,Cena de Trabajo
60119,,Salida con Amigos
60122,,Aniversario
60123,lumana270@wass.com,
60129,Ramónolivo117@tourket.com,
60130,srbeseta886@tourket.com,
60131,srrotece660@tourket.com,Salida con Amigos
60138,froral734@tourket.com,Salida con Amigos
60139,cacrba774@wass.com,Salida con Familia
60144,Sta.pantoja213@wass.com,Vacaciones
60157,jucaviar580@outluc.com,
60162,,Aniversario
60163,Josécasillas920@marmol.com,Salida con Amigos
60166,,Aniversario
60171,Patriciaesquibel311@tourket.com,
60177,,Aniversario
60184,,Salida con Familia
60193,isabel751632@viajesanma.com,Aniversario
60199,,Salida con Familia
60203,dimavá683@marmol.com,
60215,,Vacaciones
60217,satari784@tourket.com,
60221,rosario2887410@edubus.cal,Aniversario
60224,Alejandrareyes269@viajesanma.com,Aniversario
60230,dorotea9511864@marmol.com,Vacaciones
60235,Andreaguardado378@tourket.com,Vacaciones
60236,federico5298301@viajesanma.com,
60250,jedoll636@edubus.cal,Vacaciones
60260,lilia618791@viajesanma.com,Cena de Trabajo
60264,,Cena de Trabajo
60265,Maríasierra389@edubus.cal,
60273,ánurta990@wass.com,
60276,alfonso3241121@wass.com,Salida con Familia
60290,alberto3440561@wass.com,Vacaciones
60291,Estebanjiménez364@tourket.com,Aniversario
60295,Benitomedrano445@edubus.cal,Aniversario
60297,alrora989@viajesanma.com,
60311,crmole395@wass.com,
60312,,Vacaciones
60313,magaes872@wass.com,Salida con Amigos
60318,Ricardocandelaria787@marmol.com,Salida con Amigos
60331,Irenedelgadillo389@outluc.com,
60335,,Salida con Amigos
60336,Enriquerosado199@marmol.com,Cena de Trabajo
60342,salvador3854627@edubus.cal,Aniversario
60344,juan6709511@marmol.com,Cena de Trabajo
60345,adbrsa695@wass.com,Vacaciones
60352,javier8267767@tourket.com,
60358,sredalto390@outluc.com,Aniversario
60360,lecaba295@marmol.com,Aniversario
60362,soribe864@viajesanma.com,Salida con Amigos
60365,Sta.cardenas262@viajesanma.com,Vacaciones
60371,Rosacavazos603@viajesanma.com,Vacaciones
60374,norolu882@outluc.com,Cena de Trabajo
60386,Sta.alvarado908@outluc.com,Salida con Familia
60389,alberto1096501@wass.com,Salida con Amigos
60390,frcofa460@tourket.com,Salida con Amigos
60396,Horacioserna702@edubus.cal,Cena de Trabajo
60401,sta.6818357@outluc.com,Vacaciones
60403,Miguelabeyta172@wass.com,Salida con Familia
60418,Alejandrodelgado963@tourket.com,
60424,Victoriabarragán864@viajesanma.com,Cena de Trabajo
60432,,Salida con Familia
60434,Susanahinojosa195@viajesanma.com,Aniversario
60439,gotrce141@marmol.com,Aniversario
60450,Manuelbecerra686@marmol.com,Vacaciones
60459,marilu2791390@marmol.com,Salida con Amigos
60462,escapa296@viajesanma.com,
60465,jerónimo3557882@outluc.com,Vacaciones
60467,,Vacaciones
60470,sta.1998150@edubus.cal,Aniversario
60471,starcama253@wass.com,
60473,alberto5410136@edubus.cal,Vacaciones
60482,gloria5815519@marmol.com,Salida con Familia
60484,carlos1365803@edubus.cal,Aniversario
60493,,Salida con Amigos
60495,Samuelarce313@marmol.com,Cena de Trabajo
60498,,Cena de Trabajo
60503,,Aniversario
60505,,Vacaciones
60506,camaro709@wass.com,Aniversario
60508,Margaritacastro329@viajesanma.com,Vacaciones
60520,sr.9124119@outluc.com,Salida con Amigos
60521,,Cena de Trabajo
60524,luisa6107945@wass.com,Salida con Familia
60528,Amaliarojas557@wass.com,Vacaciones
60530,Enriquerosado199@marmol.com,Aniversario
60539,sra.8371668@tourket.com,Cena de Trabajo
60540,Maríatafoya556@tourket.com,Aniversario
60545,mateo2993116@wass.com,Salida con Amigos
60546,stjabesa766@viajesanma.com,Salida con Familia
60548,Sra.berríos215@outluc.com,Salida con Familia
60550,Bertaolmos537@tourket.com,
60552,siabbr313@wass.com,Salida con Familia
60557,Rociolópez775@tourket.com,
60561,maría4964879@edubus.cal,Vacaciones
60574,,Salida con Familia
60575,guillermina1983172@edubus.cal,Aniversario
60580,agustín9413325@outluc.com,Aniversario
60585,Sta.bahena605@marmol.com,Salida con Amigos
60591,iscagu257@outluc.com,Vacaciones
60606,gerardo8322963@marmol.com,Aniversario
60611,Mercedesalmonte943@marmol.com,Cena de Trabajo
60612,jesús8018357@tourket.com,Cena de Trabajo
60616,Sra.sanabria958@edubus.cal,
60620,Lauracarrera941@viajesanma.com,Aniversario
60626,vifete192@edubus.cal,Cena de Trabajo
60631,Javiergaytán668@outluc.com,Cena de Trabajo
60635,teeses724@marmol.com,Salida con Amigos
60637,gonzalo1771280@outluc.com,Aniversario
60640,Fernandoureña815@viajesanma.com,Aniversario
60642,,Salida con Familia
60648,sta.6908701@wass.com,Cena de Trabajo
60650,Benitonaranjo830@marmol.com,Salida con Familia
60651,teeses724@marmol.com,Vacaciones
60652,Sr.canales866@wass.com,Cena de Trabajo
60653,,Cena de Trabajo
60666,Antonioquiroz229@tourket.com,Salida con Familia
60672,garaba815@edubus.cal,Vacaciones
60673,Antonioquiroz229@tourket.com,Aniversario
60674,,Salida con Familia
60677,dorotea9511864@marmol.com,Cena de Trabajo
60685,,Salida con Amigos
60686,claudia8569766@viajesanma.com,Salida con Familia
60691,rodrigo6562850@edubus.cal,Vacaciones
60692,Felipecaraballo409@wass.com,Vacaciones
60694,gabriela2505783@tourket.com,Salida con Amigos
60696,Marcotejeda365@viajesanma.com,Cena de Trabajo
60705,sta.7802468@wass.com,
60710,sonúce739@wass.com,Salida con Familia
60712,sta.6745676@edubus.cal,
60713,Gloriaroldán400@edubus.cal,Salida con Familia
60716,horoma820@marmol.com,Aniversario
60720,lourdes1987188@edubus.cal,Salida con Familia
60723,Gustavozelaya652@edubus.cal,Vacaciones
60732,jucasa710@tourket.com,
60744,,Aniversario
60756,jesús6378237@viajesanma.com,
60758,Luisportillo880@marmol.com,Aniversario
60760,Sta.delgadillo160@outluc.com,Aniversario
60762,maría4964879@edubus.cal,Vacaciones
60765,ramiro6530131@viajesanma.com,Cena de Trabajo
60766,ángela7611328@marmol.com,Vacaciones
60768,srracaal432@wass.com,Vacaciones
60772,Sta.aranda748@wass.com,
60774,mónica8949391@wass.com,Salida con Amigos
60777,,Aniversario
60783,,Salida con Amigos
60787,helima194@viajesanma.com,Salida con Familia
60789,srevarpe687@tourket.com,
60790,Virginiaceja502@tourket.com,Aniversario
60795,,Salida con Familia
60802,jaarbu744@edubus.cal,
60806,Manuelaalvarez722@marmol.com,Vacaciones
60808,jesús8249850@outluc.com,Vacaciones
60824,sta.5834491@tourket.com,
60828,coceja218@marmol.com,
60837,sr.2553787@viajesanma.com,
60845,,Salida con Familia
60849,hoduor430@marmol.com,Salida con Amigos
60852,emamec499@wass.com,Aniversario
60854,marisol9736313@wass.com,
60859,Ricardocorona986@tourket.com,
60869,srlerepr997@tourket.com,Salida con Familia
60872,Marisolquintanilla277@edubus.cal,Salida con Familia
60877,,Salida con Familia
60882,Sr.quezada287@outluc.com,Salida con Familia
60885,jacabr338@outluc.com,Salida con Familia
60893,srdénise164@marmol.com,Cena de Trabajo
60899,gustavo8045548@edubus.cal,
60905,Liliacolunga414@tourket.com,Cena de Trabajo
60906,dasaca993@viajesanma.com,
60910,Catalinaroybal397@edubus.cal,Aniversario
60911,ester2567245@outluc.com,Salida con Amigos
60912,sta.3263862@edubus.cal,
60913,Salvadorornelas952@outluc.com,Aniversario
60914,palaba227@outluc.com,
60926,,Salida con Familia
60928,srvigave561@edubus.cal,Salida con Amigos
60931,,
60933,alberto1096501@wass.com,Aniversario
60934,sr.6139183@edubus.cal,
60935,Mateoenríquez341@tourket.com,Salida con Familia
60936,gilomá332@viajesanma.com,Vacaciones
60938,cristobal758674@marmol.com,Aniversario
60939,maría2605675@outluc.com,Salida con Amigos
60946,,Salida con Familia
60947,graciela1787859@tourket.com,Vacaciones
63748,ribepa431@wass.com,Cena de Trabajo
60950,Germánvélez748@outluc.com,Salida con Amigos
60955,gesamo108@wass.com,Cena de Trabajo
60969,Clementecarvajal245@viajesanma.com,Aniversario
60970,doropi546@tourket.com,Vacaciones
60971,ricardo932315@tourket.com,Vacaciones
60973,manuel5946867@tourket.com,Aniversario
60974,,Salida con Familia
60975,Bertabanda371@edubus.cal,Vacaciones
60977,jucécoyb294@outluc.com,Vacaciones
60978,Samuelgómez851@marmol.com,Cena de Trabajo
60981,gilomá332@viajesanma.com,Cena de Trabajo
60987,,Vacaciones
60993,Sta.santacruz657@outluc.com,Aniversario
60996,edhina669@viajesanma.com,Salida con Amigos
61003,stgabool952@edubus.cal,Vacaciones
61007,,Salida con Amigos
61008,Guillermobueno239@wass.com,
61011,,Salida con Amigos
61023,Soledadvaladez838@edubus.cal,Salida con Familia
61024,,Cena de Trabajo
61031,Sra.gaona591@marmol.com,Vacaciones
61033,sr.1919679@marmol.com,Vacaciones
61038,alejandro481955@edubus.cal,Vacaciones
61048,Alfredosaucedo875@tourket.com,Vacaciones
61053,gubeca477@outluc.com,Cena de Trabajo
61066,Marcelagarza762@wass.com,
61068,,Aniversario
61077,Ricardogallegos900@viajesanma.com,Cena de Trabajo
61085,,Salida con Amigos
61095,martín7141682@tourket.com,Vacaciones
61101,claudio1581442@viajesanma.com,Cena de Trabajo
61108,Isabelalcántar881@edubus.cal,Vacaciones
61110,Leonorsoliz140@outluc.com,Salida con Amigos
61112,graciela5036741@outluc.com,Vacaciones
61115,antonio6322474@wass.com,Salida con Amigos
61126,,Cena de Trabajo
61138,giulsa229@tourket.com,
61142,admona298@edubus.cal,
61151,débora6339473@marmol.com,Aniversario
61153,Sr.sisneros799@edubus.cal,Aniversario
61157,Sr.tapia171@tourket.com,Salida con Familia
61164,oleles405@viajesanma.com,Aniversario
61168,agustín9413325@outluc.com,Salida con Familia
61173,femagu861@outluc.com,
61174,Mónicaburgos781@tourket.com,Vacaciones
61176,carolina1243398@marmol.com,
61179,Nicolásvega304@outluc.com,
61181,Soniacorrea422@wass.com,Vacaciones
61182,elisa5665287@outluc.com,
61196,jorge4470264@outluc.com,Vacaciones
61213,ester2119354@wass.com,Salida con Amigos
61227,,Aniversario
61230,,Salida con Amigos
61232,cabuco825@edubus.cal,Vacaciones
61235,,Salida con Amigos
61252,,Salida con Amigos
61255,gealso323@wass.com,Salida con Amigos
61257,Blancapuente777@marmol.com,Salida con Amigos
61265,pablo9904450@outluc.com,Cena de Trabajo
61269,claudio5165940@outluc.com,Vacaciones
61270,Ramónmeza474@tourket.com,Aniversario
61273,Marioocasio558@tourket.com,Vacaciones
61279,gloria1758391@edubus.cal,Salida con Amigos
61280,Franciscacervantes436@tourket.com,Salida con Amigos
61285,,Cena de Trabajo
61295,berta7166514@outluc.com,Salida con Familia
61306,peroce986@marmol.com,
61307,,Salida con Familia
61309,esteban5616550@viajesanma.com,
61322,julia8587147@marmol.com,Vacaciones
61323,Marianoapodaca861@tourket.com,Salida con Amigos
61335,stmóbece517@marmol.com,Salida con Familia
61341,igalal276@marmol.com,Salida con Amigos
61342,Josefinatéllez916@edubus.cal,Cena de Trabajo
61345,,Cena de Trabajo
61346,amzaor251@edubus.cal,Salida con Familia
61349,Andreacasas277@tourket.com,Salida con Amigos
61351,,Salida con Amigos
61358,elsa2531473@wass.com,Cena de Trabajo
61364,srrotece660@tourket.com,Salida con Familia
61369,,Salida con Amigos
61376,jucaalca382@edubus.cal,Salida con Amigos
61377,,Vacaciones
61379,Sra.sierra894@outluc.com,Cena de Trabajo
61386,srvimona836@edubus.cal,Salida con Amigos
61388,clgaco265@viajesanma.com,
61389,,Vacaciones
61392,stirbrva104@viajesanma.com,
61393,mateo366872@outluc.com,Salida con Amigos
61400,Guillermotamez391@viajesanma.com,
61407,mefian457@wass.com,Vacaciones
61412,mario8248936@viajesanma.com,Aniversario
61413,Sr.terán806@wass.com,Vacaciones
61419,pabusa292@outluc.com,Salida con Familia
61420,,Vacaciones
61424,Sr.tirado913@outluc.com,Cena de Trabajo
61426,mateo2993116@wass.com,Salida con Familia
61430,heesro210@viajesanma.com,
61432,Benitosaucedo829@marmol.com,Salida con Familia
61433,rafael7453884@wass.com,Salida con Amigos
61435,Sergioalvarez894@wass.com,Cena de Trabajo
61439,pariul494@edubus.cal,Cena de Trabajo
61440,Sta.ruelas962@marmol.com,Aniversario
61446,sra.4309217@wass.com,Salida con Amigos
61447,Ricardoalva341@tourket.com,Cena de Trabajo
61449,armade579@wass.com,
61451,Juanhinojosa700@edubus.cal,
61453,alfequ786@wass.com,Salida con Amigos
61462,Sta.bahena605@marmol.com,Cena de Trabajo
61474,,Salida con Familia
61475,maozra722@viajesanma.com,Salida con Amigos
61476,,Vacaciones
61482,Rosarioorta745@viajesanma.com,
61487,glcate278@wass.com,Aniversario
61491,,Aniversario
61492,sr.4162833@outluc.com,Cena de Trabajo
61500,jorge5319487@wass.com,Salida con Familia
61503,tomás207795@outluc.com,Salida con Familia
61506,luz8264695@tourket.com,Vacaciones
61508,Blancaacevedo582@tourket.com,Salida con Amigos
61510,Sta.santacruz657@outluc.com,Salida con Amigos
61527,Rosariogutiérrez813@tourket.com,Aniversario
61537,anita2549427@outluc.com,Aniversario
61538,Sr.marrero675@wass.com,Cena de Trabajo
61557,sr.7451797@viajesanma.com,Aniversario
61560,graror510@viajesanma.com,
61562,Conchitatreviño617@tourket.com,
61565,,Salida con Amigos
61567,claudia6738726@edubus.cal,
61568,horacio1035112@viajesanma.com,Cena de Trabajo
61579,,Vacaciones
61601,rolepe717@tourket.com,Cena de Trabajo
61616,Antonianaranjo548@edubus.cal,Aniversario
61622,,Cena de Trabajo
61630,stmórule909@viajesanma.com,
61644,esfrar113@viajesanma.com,Vacaciones
61645,concepción2817212@marmol.com,Cena de Trabajo
61646,,
61647,gumuba425@marmol.com,Salida con Amigos
61648,patricia2243343@tourket.com,Aniversario
61654,srtobeal705@outluc.com,Salida con Familia
61656,carlos1365803@edubus.cal,Aniversario
61657,capode618@outluc.com,Salida con Familia
61663,Amaliabarrientos651@viajesanma.com,Salida con Amigos
61664,alfees578@edubus.cal,Aniversario
61669,micaela7947790@edubus.cal,Salida con Familia
61670,sra.9914134@outluc.com,Aniversario
61676,ignacio6475273@tourket.com,
61684,marilu2791390@marmol.com,Vacaciones
61687,ramón5115143@edubus.cal,Salida con Familia
61700,,Salida con Amigos
61701,graciela1787859@tourket.com,Aniversario
61706,,Salida con Familia
61707,essese629@outluc.com,Aniversario
61712,Eduardoagosto919@marmol.com,Salida con Familia
61716,viarga905@outluc.com,Salida con Familia
61719,sr.9923211@tourket.com,Vacaciones
61721,,Salida con Amigos
61733,Maríacardona836@edubus.cal,
61737,parupo177@marmol.com,Vacaciones
61744,Federicoarreola639@wass.com,Aniversario
61745,Sergioalvarez894@wass.com,Salida con Amigos
61747,ana3460130@viajesanma.com,Vacaciones
61750,joaquín6096243@tourket.com,Salida con Amigos
61754,srmabeme159@marmol.com,
61765,,Cena de Trabajo
61769,Carlasanabria682@edubus.cal,
61778,cristina7718611@tourket.com,Aniversario
61790,dorotea2336994@edubus.cal,Vacaciones
61798,,Salida con Amigos
61801,sta.2056184@viajesanma.com,Salida con Familia
61805,,Aniversario
61807,,Salida con Amigos
61809,gusabr510@edubus.cal,
61827,federico5040630@marmol.com,Cena de Trabajo
61835,anludemi528@outluc.com,Cena de Trabajo
61841,Raúlcaraballo974@marmol.com,Salida con Familia
61843,Anitabernal246@viajesanma.com,Salida con Familia
61846,Sta.delvalle496@tourket.com,Vacaciones
61853,Mariogastélum767@tourket.com,Salida con Familia
61860,macape258@viajesanma.com,Cena de Trabajo
61864,,
61867,,Aniversario
61868,norolu882@outluc.com,Salida con Amigos
61887,viraal382@outluc.com,Aniversario
61902,julio7400662@edubus.cal,Salida con Familia
61903,sr.7241445@wass.com,Vacaciones
61904,guagde444@tourket.com,Cena de Trabajo
61906,srmafrpa729@edubus.cal,
61907,mefian457@wass.com,Aniversario
61910,marco742783@edubus.cal,
61916,lourdes7750833@marmol.com,Aniversario
61918,esalmu883@marmol.com,Salida con Familia
61922,,Salida con Amigos
61927,,Aniversario
61942,Sanchogodínez868@outluc.com,
61945,reyába475@edubus.cal,Salida con Familia
61949,alejandro481955@edubus.cal,Vacaciones
61952,alleoz221@edubus.cal,Vacaciones
61957,dorotea2336994@edubus.cal,
61960,jucahece652@tourket.com,Salida con Familia
61963,,Aniversario
61965,romasa126@edubus.cal,Salida con Amigos
61966,Josécasillas920@marmol.com,Salida con Amigos
61975,sralrofr303@viajesanma.com,Vacaciones
61982,Soledadvaladez838@edubus.cal,Salida con Amigos
61983,Óscarrendón475@wass.com,Salida con Amigos
61989,patricio8682387@viajesanma.com,Cena de Trabajo
61996,caolli626@edubus.cal,Salida con Amigos
61998,cristian3464921@tourket.com,Aniversario
62006,dorotea7696397@marmol.com,Cena de Trabajo
62008,elsa1135511@outluc.com,Aniversario
62010,Magdalenarodríquez948@viajesanma.com,Aniversario
62015,Luzgirón177@edubus.cal,Vacaciones
62021,,Salida con Amigos
62027,,Cena de Trabajo
62040,daniel207325@outluc.com,
62042,ricardo6533570@wass.com,Aniversario
62044,magdalena5113521@outluc.com,Salida con Familia
62049,cristina6625698@marmol.com,
62051,srjairor488@outluc.com,Salida con Familia
62060,maría2223271@edubus.cal,
62063,jauroz210@marmol.com,
62064,,Aniversario
62067,yolanda8323644@viajesanma.com,Salida con Familia
62081,joaquín6096243@tourket.com,Vacaciones
62091,soquto591@marmol.com,
62111,jetara275@marmol.com,Cena de Trabajo
62115,,Vacaciones
62128,Sta.perea521@tourket.com,Vacaciones
62129,Evacepeda737@edubus.cal,
62145,clcaar209@edubus.cal,
62147,,
62152,ancaju206@marmol.com,
62156,natalia5271573@marmol.com,Aniversario
62166,sra.9914134@outluc.com,Vacaciones
62167,doropi546@tourket.com,Salida con Familia
62172,Marianaharo153@wass.com,Salida con Familia
62174,Carlaespino737@viajesanma.com,Vacaciones
62182,sra.6950221@viajesanma.com,Aniversario
62183,francisca9727560@marmol.com,Aniversario
62197,,Vacaciones
62200,srirbafl220@edubus.cal,Salida con Amigos
62201,magrga513@tourket.com,Vacaciones
62204,sra.6950221@viajesanma.com,
62206,adán4197516@marmol.com,Aniversario
62208,,Aniversario
62210,Juliocarmona251@outluc.com,Salida con Familia
62212,alejandra5706442@tourket.com,Cena de Trabajo
62219,ana8383232@tourket.com,Aniversario
62222,sta.4532828@tourket.com,Vacaciones
62230,,Salida con Familia
62236,Sta.sáenz747@marmol.com,Salida con Familia
62238,Juanavargas840@outluc.com,Salida con Familia
62244,agustín5330113@tourket.com,Salida con Amigos
62249,Doloresanda353@edubus.cal,Salida con Amigos
62252,rafael8801697@marmol.com,Salida con Familia
62269,,Salida con Amigos
62270,sra.7871617@viajesanma.com,
62280,mayte7853127@wass.com,
62282,Sra.arreola423@marmol.com,Salida con Amigos
62290,horoma820@marmol.com,Aniversario
62296,srhoguhi542@outluc.com,Vacaciones
62308,Enriquetijerina655@wass.com,Salida con Amigos
62311,,Salida con Amigos
62318,maméle199@edubus.cal,Cena de Trabajo
62327,gonzalo7217360@edubus.cal,Aniversario
62330,beváfe523@edubus.cal,Salida con Amigos
62335,Albertofranco136@wass.com,Aniversario
62337,sra.3998257@viajesanma.com,Salida con Amigos
62338,,Salida con Familia
62340,Sra.sanabria958@edubus.cal,Salida con Familia
62344,benjamín5792277@viajesanma.com,Salida con Familia
62350,octavio9094528@marmol.com,Aniversario
62363,reina6722345@outluc.com,Salida con Amigos
62374,Doloresanda353@edubus.cal,Salida con Amigos
62386,carlos3895464@tourket.com,Salida con Familia
62390,gocasa891@viajesanma.com,Cena de Trabajo
62393,alejandra2758964@viajesanma.com,Salida con Amigos
62396,,Aniversario
62398,ana5462136@outluc.com,Cena de Trabajo
62399,maozra722@viajesanma.com,Cena de Trabajo
62404,Raúlarredondo672@outluc.com,Vacaciones
62405,dorotea9511864@marmol.com,Salida con Amigos
62406,Florenciatamayo112@edubus.cal,Salida con Familia
62407,Sr.agosto700@tourket.com,Salida con Familia
62413,alfredo1239458@edubus.cal,Salida con Familia
62428,stmatini267@marmol.com,Vacaciones
62430,,Salida con Familia
62433,arturo6777880@marmol.com,Salida con Familia
62438,Lolasegovia453@tourket.com,Aniversario
62441,Benjamínchavarría618@marmol.com,Salida con Amigos
62446,lourpu923@outluc.com,Salida con Familia
62447,Cristianmontero800@edubus.cal,
62451,reina6722345@outluc.com,Salida con Amigos
62456,sra.1334886@marmol.com,Cena de Trabajo
62459,sr.7241445@wass.com,Salida con Familia
62463,Sta.abrego714@viajesanma.com,Vacaciones
62464,lemuvi793@wass.com,Aniversario
62470,gumebe955@tourket.com,Aniversario
62471,Juanpedraza550@tourket.com,Vacaciones
62474,lemuvi793@wass.com,Vacaciones
62477,maría2395412@outluc.com,Cena de Trabajo
62481,sr.627752@outluc.com,Salida con Amigos
62483,tenial845@viajesanma.com,Salida con Amigos
62484,Gilbertocorral449@edubus.cal,Salida con Familia
62496,,Aniversario
62499,hocace205@viajesanma.com,Cena de Trabajo
62502,husaat905@outluc.com,Cena de Trabajo
62508,alfredo9499188@outluc.com,Vacaciones
62511,Germánpelayo635@outluc.com,
62514,juan4715798@outluc.com,Aniversario
62516,Sra.navarrete287@tourket.com,Salida con Familia
62519,susana9892181@marmol.com,Salida con Amigos
62521,,Aniversario
62525,sta.2691341@tourket.com,Cena de Trabajo
62528,,Salida con Amigos
62533,esteban6021415@edubus.cal,Salida con Familia
62542,rodrigo9600446@edubus.cal,Salida con Familia
62550,marisol6249480@edubus.cal,Salida con Amigos
62554,manuela8638832@tourket.com,Salida con Familia
62555,margarita5104396@viajesanma.com,
62559,leonor984854@edubus.cal,Vacaciones
62571,,Salida con Amigos
62575,sra.8577415@wass.com,Vacaciones
62586,marco6028412@viajesanma.com,Vacaciones
62590,salvador2465742@outluc.com,Vacaciones
62600,benjamín5792277@viajesanma.com,Salida con Familia
62612,alfredo849677@outluc.com,Vacaciones
62615,igmano562@marmol.com,Vacaciones
62618,marilu2791390@marmol.com,Aniversario
62623,,Salida con Amigos
62624,Sra.loera733@edubus.cal,Salida con Amigos
62626,Rociomateo446@tourket.com,Cena de Trabajo
62630,Sra.aranda751@wass.com,Aniversario
62648,Sta.ruelas962@marmol.com,Vacaciones
62654,,Salida con Amigos
62665,Franciscoávila759@wass.com,Cena de Trabajo
62667,,Aniversario
62669,Fernandoureña815@viajesanma.com,Salida con Familia
62672,ósmoni109@viajesanma.com,
62678,,Aniversario
62684,Bernardomaya294@tourket.com,Aniversario
62686,Nicolásroybal454@wass.com,
62688,Maríatafoya556@tourket.com,Salida con Amigos
62697,magdalena6480648@edubus.cal,Aniversario
62698,cotoqu219@viajesanma.com,Vacaciones
62699,lemuvi793@wass.com,Salida con Amigos
62705,escapa296@viajesanma.com,Salida con Familia
62716,Sra.sánchez672@outluc.com,Vacaciones
62725,sehiyb598@tourket.com,Salida con Familia
62726,,Salida con Amigos
62727,mario8248936@viajesanma.com,Salida con Familia
62728,Manuelatoledo658@tourket.com,Aniversario
62735,Sr.matos991@wass.com,
62740,Sta.quintanilla963@viajesanma.com,
62742,srbahuro235@viajesanma.com,
62743,oleles405@viajesanma.com,Salida con Familia
62746,,Aniversario
62753,Arturonúñez995@tourket.com,Vacaciones
62757,srcagoal565@marmol.com,Salida con Amigos
62758,Sr.archuleta598@edubus.cal,Salida con Amigos
62759,Salvadorlara526@edubus.cal,Salida con Amigos
62764,agustín1788879@wass.com,Salida con Amigos
62765,francisca1636647@edubus.cal,Vacaciones
62768,,Cena de Trabajo
62775,hocace205@viajesanma.com,Cena de Trabajo
62792,Cristinavela200@edubus.cal,Salida con Amigos
62794,,Cena de Trabajo
62796,helima194@viajesanma.com,Salida con Familia
62801,sta.2314178@marmol.com,Cena de Trabajo
62807,maría483692@edubus.cal,
62813,ana570903@edubus.cal,Salida con Amigos
62816,pafldean477@outluc.com,
62817,Sta.acevedo242@tourket.com,Aniversario
62821,stjabesa766@viajesanma.com,Cena de Trabajo
62822,sthevées389@marmol.com,Aniversario
62828,Germánvélez748@outluc.com,Salida con Amigos
62830,gonzalo7217360@edubus.cal,Salida con Amigos
62835,srbahuro235@viajesanma.com,Vacaciones
62839,srniguro494@outluc.com,Cena de Trabajo
62841,óstobe285@marmol.com,Salida con Amigos
62843,gublbr795@edubus.cal,
62853,Caridadvelázquez841@marmol.com,
62867,,Salida con Familia
62871,Normaabeyta972@wass.com,Salida con Amigos
62874,Felipecaraballo409@wass.com,Cena de Trabajo
62877,alberto3440561@wass.com,Aniversario
62882,Amaliabarrientos651@viajesanma.com,Salida con Familia
62887,beatriz1427156@viajesanma.com,Salida con Familia
62888,srroguti835@tourket.com,Aniversario
62893,bemega791@edubus.cal,Salida con Familia
62915,,Salida con Familia
62916,horoma820@marmol.com,Cena de Trabajo
62918,miguel1934865@outluc.com,Salida con Familia
62923,crpaar994@marmol.com,Salida con Familia
62928,maricarmen1043921@outluc.com,Vacaciones
62931,macaur888@viajesanma.com,Aniversario
62935,felipe7618364@tourket.com,Salida con Amigos
62937,,Aniversario
62940,Susanaserrato707@outluc.com,Cena de Trabajo
62944,,
62950,juguar573@edubus.cal,Salida con Familia
62952,,Cena de Trabajo
62953,,Salida con Familia
62966,mateo3147170@edubus.cal,Vacaciones
62971,,Vacaciones
62972,alejandra5706442@tourket.com,Salida con Amigos
62973,sta.8137709@outluc.com,Vacaciones
62981,sralrofr303@viajesanma.com,Vacaciones
62983,srnaceca743@outluc.com,Aniversario
62985,sr.4206103@wass.com,Vacaciones
62994,alpoba274@edubus.cal,Salida con Amigos
62999,Gregorioruiz587@edubus.cal,
63010,natalia5271573@marmol.com,Aniversario
63013,vifete192@edubus.cal,
63019,,Vacaciones
63023,cacoma845@viajesanma.com,Cena de Trabajo
63024,Carolinaborrego238@marmol.com,Vacaciones
63031,srsomete239@tourket.com,Salida con Familia
63032,,Cena de Trabajo
63039,Andrésgaray900@outluc.com,Salida con Amigos
63041,Salvadorlara526@edubus.cal,Cena de Trabajo
63044,luroso389@tourket.com,Salida con Familia
63048,Anaquiroz253@outluc.com,Salida con Familia
63049,,Vacaciones
63055,Joaquíncedillo429@outluc.com,Salida con Familia
63056,Alejandrodelgado963@tourket.com,
63057,sergio2610819@marmol.com,
63058,,Salida con Amigos
63061,germán7896769@wass.com,Aniversario
63063,rochbe319@tourket.com,Salida con Familia
63066,blviju147@tourket.com,Salida con Familia
63073,stlumitema624@viajesanma.com,Cena de Trabajo
63082,Franciscacervantes436@tourket.com,Salida con Familia
63089,víctor2838763@viajesanma.com,Salida con Amigos
63095,robamo385@edubus.cal,Salida con Amigos
63097,mateo2993116@wass.com,
63098,lovico890@tourket.com,
63104,,Vacaciones
63105,Franciscoávila759@wass.com,Vacaciones
63107,aravay153@edubus.cal,Cena de Trabajo
63108,graciela1787859@tourket.com,
63117,Sr.canales866@wass.com,Salida con Amigos
63128,Beatrizgracia967@outluc.com,
63130,sofia1153676@wass.com,Aniversario
63131,,Aniversario
63133,Virginianava347@marmol.com,Salida con Amigos
63136,,Cena de Trabajo
63139,Carlaespino737@viajesanma.com,Salida con Familia
63141,juan2856902@tourket.com,Cena de Trabajo
63142,maría3573107@viajesanma.com,Salida con Amigos
63145,licaca186@wass.com,Salida con Familia
63150,igalal276@marmol.com,Aniversario
63152,Rosalianegrete921@marmol.com,Salida con Familia
63156,sr.4855479@wass.com,
63158,marilu2791390@marmol.com,Cena de Trabajo
63159,emmosa915@wass.com,
63163,martín7141682@tourket.com,
63169,Marcelaáguilar314@edubus.cal,Salida con Amigos
63175,jerónimo3980480@viajesanma.com,Salida con Amigos
63176,Luzsaldivar807@wass.com,
63177,,Vacaciones
63189,marcos6031841@wass.com,Salida con Familia
63193,Óscarrendón475@wass.com,Aniversario
63197,,
63198,,Cena de Trabajo
63199,débora887780@viajesanma.com,Vacaciones
63206,angaca891@tourket.com,
64856,sra.4815900@wass.com,Aniversario
63211,Javiergaytán668@outluc.com,Salida con Familia
63213,Eduardoagosto919@marmol.com,Salida con Familia
63217,,Salida con Amigos
63218,sta.847296@wass.com,Vacaciones
63221,Sr.alicea325@marmol.com,
63227,ismeve842@outluc.com,Salida con Amigos
63236,Rodrigoporras672@edubus.cal,
63238,sta.6908701@wass.com,Salida con Amigos
63242,joaquín6096243@tourket.com,Cena de Trabajo
63253,santiago174707@outluc.com,Aniversario
63255,jesús8018357@tourket.com,Salida con Familia
63257,,Vacaciones
63258,Sr.caballero357@outluc.com,
63266,Jorgebonilla879@outluc.com,
63271,,Aniversario
63278,,Cena de Trabajo
63281,,Vacaciones
63285,Franciscotirado826@wass.com,Vacaciones
63286,stmaeutile367@outluc.com,Vacaciones
63290,ropése963@tourket.com,Salida con Familia
63292,gabriela2505783@tourket.com,Salida con Familia
63301,Sta.prieto689@wass.com,
63307,sr.7241445@wass.com,Vacaciones
63311,sofia1153676@wass.com,Salida con Familia
63318,sr.8601983@marmol.com,Cena de Trabajo
63321,maría8334850@viajesanma.com,Salida con Familia
63326,,Salida con Amigos
63329,jolutego497@marmol.com,Salida con Familia
63330,soribe864@viajesanma.com,Cena de Trabajo
63341,marcos4781389@outluc.com,Cena de Trabajo
63354,Sr.esquivel621@marmol.com,Cena de Trabajo
63357,,Salida con Familia
63363,olivia5797726@wass.com,
63368,clara2350672@wass.com,
63371,Leticiameléndez767@tourket.com,Salida con Familia
63373,Gabrielaalcaraz113@marmol.com,Salida con Amigos
63380,,Aniversario
63381,francisco5086593@viajesanma.com,Salida con Familia
63385,leonor9281645@outluc.com,Vacaciones
63386,Déborasolano286@marmol.com,Salida con Amigos
63389,,Salida con Familia
63396,lorenzo9604784@edubus.cal,Salida con Amigos
63397,Dianamaya142@viajesanma.com,
63399,mateo3147170@edubus.cal,Salida con Amigos
63401,,Salida con Amigos
63407,,Salida con Familia
63414,sr.9705134@edubus.cal,Vacaciones
63416,esdelo223@viajesanma.com,
63421,conchita384304@outluc.com,
63422,paorme766@edubus.cal,Aniversario
63426,doropi546@tourket.com,Salida con Familia
63432,Sra.sánchez672@outluc.com,Salida con Familia
63433,ana8582626@outluc.com,Vacaciones
63443,germán7896769@wass.com,Salida con Familia
63446,sr.969210@edubus.cal,
63457,blpavi311@edubus.cal,Salida con Familia
63462,Raúllozada880@marmol.com,Cena de Trabajo
63470,edolse351@edubus.cal,Vacaciones
63477,Sra.mata898@marmol.com,Vacaciones
63482,,Cena de Trabajo
63485,Anaguerra116@outluc.com,Salida con Amigos
63490,Sra.carvajal935@outluc.com,Cena de Trabajo
63492,saderi980@outluc.com,
63494,sr.9935284@edubus.cal,
63496,,Salida con Familia
63497,Anitaríos329@tourket.com,Aniversario
63501,rirole885@wass.com,Salida con Amigos
63511,anlegu945@wass.com,Salida con Familia
63514,mateo3147170@edubus.cal,Salida con Familia
63519,micaela7947790@edubus.cal,
63526,Sra.cantú510@edubus.cal,
63532,sta.5368684@edubus.cal,Cena de Trabajo
63537,,Salida con Amigos
63548,stritiva170@marmol.com,Salida con Amigos
63552,jucésaáv973@tourket.com,Salida con Amigos
63554,matedemo639@wass.com,Salida con Amigos
63556,victoria4583868@tourket.com,Aniversario
63559,,Salida con Familia
63560,srhoguhi542@outluc.com,
63567,sttipimo925@marmol.com,Aniversario
63570,srgrloba162@outluc.com,Cena de Trabajo
63574,Sta.marín335@edubus.cal,Aniversario
63578,gerardo5212629@viajesanma.com,Salida con Familia
63586,sta.960821@marmol.com,Cena de Trabajo
63590,gucafu467@viajesanma.com,Cena de Trabajo
63593,,Vacaciones
63594,Susanaserrato707@outluc.com,Salida con Familia
63607,rebone891@outluc.com,Cena de Trabajo
63611,cltrpu724@marmol.com,Cena de Trabajo
63613,intrpa646@viajesanma.com,Vacaciones
63614,Joséjaramillo281@viajesanma.com,
63616,srcanabe968@viajesanma.com,Salida con Familia
63619,,Cena de Trabajo
63624,Jaimeserna449@tourket.com,Salida con Amigos
63631,jerónimo3980480@viajesanma.com,Salida con Amigos
63634,srcapaar389@wass.com,
63637,daniela4674958@wass.com,
63645,srdaágve105@outluc.com,
63647,miguel4891310@outluc.com,Cena de Trabajo
63648,,Cena de Trabajo
63655,Sta.acevedo242@tourket.com,Salida con Amigos
63671,luz4136884@tourket.com,Salida con Familia
63672,carla8247745@viajesanma.com,Cena de Trabajo
63678,germán9680306@wass.com,
63681,lumidejegr954@edubus.cal,Aniversario
63691,Martíncaldera669@viajesanma.com,Vacaciones
63696,sra.1334886@marmol.com,Salida con Familia
63700,graciela5036741@outluc.com,Aniversario
63702,maría5146627@wass.com,
63705,jedoll636@edubus.cal,Salida con Amigos
63709,Raúlcaraballo974@marmol.com,Cena de Trabajo
63711,Rosaliamora797@tourket.com,Salida con Familia
63712,sralpeme481@marmol.com,Salida con Familia
63718,salvador7370915@tourket.com,Vacaciones
63723,rocrco693@edubus.cal,Salida con Amigos
63728,joluaycu165@viajesanma.com,
63732,Sta.alvarado908@outluc.com,Vacaciones
63746,,Vacaciones
63749,Maríabriseño689@edubus.cal,Aniversario
63754,alfonso3241121@wass.com,Salida con Familia
63757,sr.7488745@viajesanma.com,
63760,Sta.cruz941@edubus.cal,Aniversario
63769,alyábu227@tourket.com,Aniversario
63775,,Cena de Trabajo
63779,martín1813330@wass.com,Vacaciones
63783,sr.2870495@wass.com,Cena de Trabajo
63786,,Salida con Amigos
63791,concepción4274506@wass.com,Vacaciones
63795,Luisportillo880@marmol.com,Salida con Familia
63808,,Aniversario
63809,jucasa710@tourket.com,Aniversario
63810,Florenciamenéndez180@marmol.com,Salida con Familia
63816,,
63828,,Cena de Trabajo
63846,felipe7618364@tourket.com,Salida con Amigos
63852,,Vacaciones
63855,Mariogastélum767@tourket.com,Salida con Amigos
63864,,Salida con Familia
63869,,Aniversario
63872,sra.8371668@tourket.com,Vacaciones
63873,olorde572@outluc.com,Salida con Familia
63882,federico6855281@tourket.com,
63885,,Cena de Trabajo
63886,masaar741@viajesanma.com,Salida con Familia
63890,Julioroldán951@outluc.com,Vacaciones
63894,gonzalo6826248@edubus.cal,
63902,gaespa176@edubus.cal,
63911,stcrpuja208@wass.com,Salida con Familia
63918,joveti710@outluc.com,
63919,raampa918@marmol.com,
63920,stmórule909@viajesanma.com,Cena de Trabajo
63922,sr.8601983@marmol.com,Vacaciones
63933,guarsá983@outluc.com,Aniversario
63937,elpase849@viajesanma.com,Aniversario
63940,germán1669314@outluc.com,Aniversario
63944,Franciscoávila759@wass.com,Aniversario
63949,eva406393@outluc.com,
63957,Teresaespinoza951@wass.com,Vacaciones
63958,gealso323@wass.com,Aniversario
63965,sta.8763316@tourket.com,Salida con Familia
63967,carla6301208@edubus.cal,Salida con Amigos
63971,marcela3302945@viajesanma.com,Salida con Familia
63973,Cristianamaya567@edubus.cal,Salida con Familia
63987,maría6505883@viajesanma.com,Cena de Trabajo
63989,tecaap205@tourket.com,
63990,Horacioguzmán500@tourket.com,Salida con Familia
63998,Sr.tapia171@tourket.com,Salida con Amigos
64001,,Cena de Trabajo
64003,Isabelvergara485@edubus.cal,
64004,soquto591@marmol.com,Salida con Amigos
64006,Ernestogómez420@wass.com,Cena de Trabajo
64008,Carlosnegrón208@viajesanma.com,Cena de Trabajo
64009,loallo917@marmol.com,Aniversario
64010,amlapo725@marmol.com,Salida con Amigos
64012,sralrofr303@viajesanma.com,Salida con Amigos
64023,Lorenzoolivo596@outluc.com,
64025,Federicogonzales535@edubus.cal,Aniversario
64027,,Aniversario
64029,,Cena de Trabajo
64030,Ramirogarza269@wass.com,Vacaciones
64035,,Cena de Trabajo
64045,,Vacaciones
64048,sr.9923211@tourket.com,Aniversario
64049,Lorenzoolivo596@outluc.com,
64052,miguel1934865@outluc.com,Aniversario
64056,,Salida con Amigos
64063,jogrbr450@edubus.cal,Vacaciones
64065,sr.2274570@tourket.com,
64067,Miguelortiz381@viajesanma.com,Vacaciones
64068,josé8386927@outluc.com,
64069,sara5948197@tourket.com,Aniversario
64074,Nataliasotelo186@outluc.com,
64077,mateo3147170@edubus.cal,Salida con Amigos
64085,marisol5737307@viajesanma.com,Cena de Trabajo
64092,carolina1243398@marmol.com,
64094,anmasole255@marmol.com,Vacaciones
64095,,Cena de Trabajo
64096,rosario2287575@outluc.com,Vacaciones
64097,,Salida con Amigos
64098,Ramónmeza474@tourket.com,
64102,Isabelquintero914@wass.com,Cena de Trabajo
64109,,Salida con Amigos
64111,josé6016233@outluc.com,
64117,gonzalo7217360@edubus.cal,Salida con Familia
64124,sr.419616@outluc.com,
64135,cristian3464921@tourket.com,Salida con Familia
64137,argabe875@marmol.com,Cena de Trabajo
64150,manuel5946867@tourket.com,Cena de Trabajo
64157,óshelo210@outluc.com,Salida con Amigos
64159,Franciscoávila759@wass.com,Aniversario
64167,srmateorág301@tourket.com,Vacaciones
64170,Doloresanda353@edubus.cal,Salida con Amigos
64172,maría4964879@edubus.cal,Salida con Amigos
64173,stcrurch737@wass.com,Cena de Trabajo
64175,Micaelaquiroz905@outluc.com,Vacaciones
64176,Hugoceja375@edubus.cal,
64180,grviza106@viajesanma.com,Aniversario
64182,sta.6745676@edubus.cal,
64183,,
64185,gerofa426@edubus.cal,
64194,,Cena de Trabajo
64200,césar4731601@tourket.com,Aniversario
64202,,
64206,emilia3123845@edubus.cal,Salida con Amigos
64209,sressoga952@tourket.com,Salida con Amigos
64210,mateo688995@wass.com,Cena de Trabajo
64211,Sra.atencio666@wass.com,
64220,Germánvalencia895@viajesanma.com,Aniversario
64221,stlulamo760@marmol.com,
64230,miáncame917@marmol.com,Salida con Familia
64235,sra.653511@viajesanma.com,
64236,Rosalianegrete921@marmol.com,Salida con Familia
64240,lourpu923@outluc.com,Cena de Trabajo
64241,Elvirahinojosa356@viajesanma.com,Salida con Amigos
64243,Ernestosolano658@tourket.com,Salida con Familia
64251,daparí324@edubus.cal,Vacaciones
64254,Sta.perea521@tourket.com,Cena de Trabajo
64262,maría3447335@viajesanma.com,
64263,Marianoapodaca861@tourket.com,Vacaciones
64265,pedro7959605@tourket.com,
64270,Maricarmensegovia355@viajesanma.com,Salida con Familia
64275,leticia852324@marmol.com,
64280,óshelo210@outluc.com,Salida con Familia
64287,gigrme282@wass.com,Cena de Trabajo
64292,reina5894422@edubus.cal,
64297,bevete852@outluc.com,
64303,,Salida con Amigos
64308,elsa1135511@outluc.com,Salida con Amigos
64316,Yolandaalaniz488@edubus.cal,Cena de Trabajo
64317,ester2119354@wass.com,Cena de Trabajo
64321,,Salida con Familia
64334,Mateovarela616@tourket.com,Aniversario
64342,juheal336@tourket.com,Aniversario
64343,mózaho259@edubus.cal,Aniversario
64348,Ernestogómez420@wass.com,Salida con Familia
64351,cristina7718611@tourket.com,Salida con Familia
64359,Arturomesa113@wass.com,Vacaciones
64363,alfequ786@wass.com,Cena de Trabajo
64370,elpase849@viajesanma.com,Salida con Amigos
64371,Cristianpalomino925@wass.com,Vacaciones
64380,césar5785913@edubus.cal,
64385,,Aniversario
64397,glcate278@wass.com,
64401,,
64403,Josémontañez841@edubus.cal,
64405,leonor2290253@marmol.com,Salida con Amigos
64410,Doloressáenz211@wass.com,Cena de Trabajo
64414,Carolinaarreola784@tourket.com,Salida con Amigos
64420,,Vacaciones
64424,alejandro481955@edubus.cal,Salida con Amigos
64425,Joaquínoquendo971@outluc.com,
64431,,Aniversario
64432,rubén9519542@edubus.cal,Cena de Trabajo
64435,Eloisazúñiga114@marmol.com,Vacaciones
64438,clcaar209@edubus.cal,
64441,ernesto9672607@viajesanma.com,
64443,Salvadorlara526@edubus.cal,Cena de Trabajo
64444,,Cena de Trabajo
64446,maría2395412@outluc.com,Salida con Amigos
64467,femagu861@outluc.com,Salida con Familia
64468,Salvadorornelas952@outluc.com,Salida con Familia
64475,Rosariogutiérrez813@tourket.com,Vacaciones
64476,sr.627752@outluc.com,Cena de Trabajo
64478,Sta.molina427@wass.com,Vacaciones
64488,Sra.escamilla558@outluc.com,Salida con Amigos
64489,Esperanzabanda491@tourket.com,
64495,Susanaayala828@outluc.com,Salida con Familia
64506,yobeam796@outluc.com,
64508,roberto8863130@marmol.com,Aniversario
64509,Rosabadillo698@wass.com,Vacaciones
64510,Isabelaleiva273@outluc.com,Salida con Familia
64512,losero995@viajesanma.com,Cena de Trabajo
64514,antonio6322474@wass.com,Cena de Trabajo
64524,Luciaybarra853@wass.com,
64527,madecamape194@viajesanma.com,Vacaciones
64530,,Salida con Familia
64537,Carlotaflórez433@edubus.cal,Salida con Amigos
64542,Benjamínchavarría618@marmol.com,Vacaciones
64543,,Vacaciones
64562,Juanavargas840@outluc.com,Salida con Amigos
64571,Josérosales294@wass.com,Cena de Trabajo
64572,,Vacaciones
64574,óscar3400586@wass.com,Salida con Amigos
64591,Albertovillarreal176@outluc.com,Cena de Trabajo
64592,armando8288965@tourket.com,Aniversario
64595,jomopa723@wass.com,Cena de Trabajo
64596,Sr.armenta518@tourket.com,Cena de Trabajo
64597,mózaho259@edubus.cal,Cena de Trabajo
64606,Sr.tapia171@tourket.com,Salida con Amigos
64611,Marcelaramos215@marmol.com,Salida con Familia
64621,,Vacaciones
64622,heosto940@tourket.com,Aniversario
64638,Sr.archuleta598@edubus.cal,Salida con Amigos
64645,gloria8057209@marmol.com,Salida con Amigos
64647,,Vacaciones
64654,lugodu208@marmol.com,
64655,Sr.bernal766@tourket.com,Cena de Trabajo
64661,maroal853@wass.com,Salida con Amigos
64667,Albertovillarreal176@outluc.com,
64670,Sr.rincón745@marmol.com,Salida con Amigos
64671,magdalena7353992@viajesanma.com,Salida con Amigos
64678,Sr.báez535@outluc.com,Salida con Amigos
64682,arbáma992@marmol.com,Cena de Trabajo
64688,siaypa710@viajesanma.com,Cena de Trabajo
64702,,
64719,temori623@tourket.com,
64723,Sra.sierra894@outluc.com,Aniversario
64728,Marisoltello847@tourket.com,
64737,ricardo6533570@wass.com,Vacaciones
64739,Marioocasio558@tourket.com,Cena de Trabajo
64745,Maríarosario889@viajesanma.com,Aniversario
64748,ocsaso237@outluc.com,Cena de Trabajo
64757,juan1666343@outluc.com,Salida con Familia
64759,sarose467@tourket.com,Aniversario
64769,agdeca352@tourket.com,Aniversario
64784,roares206@tourket.com,Cena de Trabajo
64788,,Aniversario
64791,benito9514171@outluc.com,Vacaciones
64792,joaquín5270531@tourket.com,Cena de Trabajo
64793,gonzalo2110606@outluc.com,Salida con Familia
64794,Carlotaflórez433@edubus.cal,Aniversario
64795,,Vacaciones
64797,,Cena de Trabajo
64806,,Cena de Trabajo
64810,vídere636@edubus.cal,
64811,,Salida con Familia
64815,Sr.acevedo879@edubus.cal,Aniversario
64819,guillermina8202874@marmol.com,
64820,Isabeltreviño375@edubus.cal,Vacaciones
64833,Susanahinojosa195@viajesanma.com,Aniversario
64835,,Vacaciones
64844,jojati469@edubus.cal,Vacaciones
64847,stletrar505@viajesanma.com,Salida con Amigos
64850,,Salida con Amigos
64853,Lourdesvillagómez232@tourket.com,Salida con Amigos
64854,jerónimo8920662@marmol.com,Salida con Amigos
64859,,Aniversario
64861,patricia2243343@tourket.com,Salida con Familia
64863,manuel5946867@tourket.com,Vacaciones
64867,lovice659@tourket.com,Aniversario
64869,Caridadballesteros263@wass.com,
64875,felipe5223170@outluc.com,
64877,Juanpedraza550@tourket.com,Salida con Amigos
64879,magágó137@wass.com,Salida con Familia
64880,,Cena de Trabajo
64883,Marcelaáguilar314@edubus.cal,Aniversario
64887,Joaquíncedillo429@outluc.com,Cena de Trabajo
64891,sta.607395@viajesanma.com,
64894,Doloressáenz211@wass.com,Salida con Amigos
64900,Joaquínmesa166@tourket.com,Salida con Amigos
64902,Sta.gómez547@wass.com,Vacaciones
64907,sr.3206621@outluc.com,Salida con Amigos
64909,sara9567144@viajesanma.com,Cena de Trabajo
64911,,Cena de Trabajo
64912,Eduardoagosto919@marmol.com,Salida con Amigos
64922,anesca757@outluc.com,Cena de Trabajo
64925,salvador7196389@outluc.com,Vacaciones
64926,Danielaarmendáriz840@viajesanma.com,
64933,rovaco363@marmol.com,Cena de Trabajo
64935,,Aniversario
64939,víctor9272516@outluc.com,Salida con Amigos
64940,ricardo8336277@edubus.cal,Aniversario
64951,escapa296@viajesanma.com,Cena de Trabajo
64959,gupita391@marmol.com,Cena de Trabajo
64967,magaon744@tourket.com,Vacaciones
64969,behupo888@wass.com,Salida con Familia
64971,germán8632454@wass.com,Aniversario
64976,estela8497596@outluc.com,Aniversario
64978,Hernáncarvajal329@wass.com,Cena de Trabajo
64981,Déboratejeda205@edubus.cal,
64987,,Salida con Amigos
64997,esteban6021415@edubus.cal,Vacaciones
65006,mamedeje104@tourket.com,Vacaciones
65008,elsa2531473@wass.com,Vacaciones
65014,Ricardocandelaria787@marmol.com,Aniversario
65021,raregu307@viajesanma.com,Aniversario
65022,luz4136884@tourket.com,Salida con Familia
65027,sra.1334886@marmol.com,Aniversario
65028,rorimá795@viajesanma.com,Salida con Familia
65029,raviig186@tourket.com,Cena de Trabajo
65036,sta.3731668@viajesanma.com,Cena de Trabajo
65043,Julialeal136@wass.com,Salida con Amigos
65057,gerardo956789@edubus.cal,Salida con Familia
65075,sonúce739@wass.com,Vacaciones
65079,evvimo997@tourket.com,Salida con Familia
65084,antonio638296@tourket.com,Aniversario
65086,Jerónimobatista813@edubus.cal,Salida con Amigos
65088,Franciscacervantes436@tourket.com,Cena de Trabajo
65098,germán728890@viajesanma.com,Vacaciones
65102,sra.4815900@wass.com,Salida con Amigos
65105,jerónimo699133@viajesanma.com,Salida con Amigos
65106,Césarvalverde793@marmol.com,
65130,joluaycu165@viajesanma.com,
65132,martín6390573@edubus.cal,Aniversario
65136,maría5146627@wass.com,
65143,mariana5482668@viajesanma.com,Aniversario
65144,rosario675411@wass.com,Cena de Trabajo
65152,,Cena de Trabajo
65157,,Cena de Trabajo
65165,Sra.orellana543@tourket.com,Salida con Amigos
65174,mariano1333835@edubus.cal,Cena de Trabajo
65178,,Vacaciones
65185,blpavi311@edubus.cal,Cena de Trabajo
65187,,Cena de Trabajo
65188,mategugo433@outluc.com,Aniversario
65190,frzaza108@tourket.com,
65194,,Cena de Trabajo
65196,antonia7887342@marmol.com,Salida con Amigos
65207,sranmele250@viajesanma.com,Salida con Amigos
65208,,Aniversario
65215,salvador5117839@tourket.com,
65217,teresa3746431@edubus.cal,Vacaciones
65222,Enriquerivas542@outluc.com,
65227,,Salida con Amigos
65230,srdénise164@marmol.com,Salida con Amigos
65239,,Vacaciones
65260,husepé622@marmol.com,
65262,raviig186@tourket.com,Cena de Trabajo
65263,erjasi436@wass.com,
65264,srfrcasa970@tourket.com,Salida con Familia
65272,anita2549427@outluc.com,Aniversario
65278,,Salida con Amigos
65279,sta.8204248@tourket.com,Salida con Amigos
65287,,Salida con Familia
65288,jomooc207@marmol.com,
65306,óstobe285@marmol.com,Cena de Trabajo
65309,mónica6974619@viajesanma.com,Aniversario
65323,meseve940@outluc.com,
65326,,Salida con Amigos
65334,Danielgil748@tourket.com,Cena de Trabajo
65338,anita2549427@outluc.com,Aniversario
65344,,Cena de Trabajo
65350,carla6301208@edubus.cal,Cena de Trabajo
65356,Cristiancamarillo609@wass.com,Vacaciones
65360,jesús8018357@tourket.com,Cena de Trabajo
65365,sr.7451797@viajesanma.com,Salida con Familia
65369,Barbaraestévez489@tourket.com,
65375,sta.8353426@wass.com,Vacaciones
65386,argabe875@marmol.com,Salida con Amigos
65389,dorotea2336994@edubus.cal,Aniversario
65391,gilomá332@viajesanma.com,Vacaciones
65396,joemamro306@outluc.com,
65399,,Salida con Familia
65401,,Salida con Familia
65406,Liliacardenas684@wass.com,Aniversario
65409,cacavá434@tourket.com,Aniversario
65412,srbeveco966@edubus.cal,Salida con Familia
65418,Octavioroldán829@edubus.cal,Salida con Amigos
65421,,Cena de Trabajo
65429,Carlosuribe251@viajesanma.com,Aniversario
65430,jucahece652@tourket.com,Aniversario
65431,,Aniversario
65434,,Salida con Familia
65439,Sr.nazario703@marmol.com,Cena de Trabajo
65443,pablo5088683@outluc.com,Salida con Amigos
65445,lugafi704@outluc.com,
65450,,Cena de Trabajo
65456,sofia1153676@wass.com,Cena de Trabajo
65470,,Salida con Familia
65472,Anabarajas689@tourket.com,
65481,sta.3752510@viajesanma.com,Cena de Trabajo
65482,Gustavozelaya652@edubus.cal,Vacaciones
65484,Cristianlomeli826@outluc.com,Salida con Familia
65496,,Cena de Trabajo
65502,claudia3931278@outluc.com,Salida con Familia
65503,,Cena de Trabajo
65510,,Salida con Amigos
65511,,Salida con Familia
65522,,Salida con Amigos
65524,,
65530,srracaal432@wass.com,Vacaciones
65533,,Salida con Amigos
65535,ana8383232@tourket.com,Salida con Familia
65539,beesbe372@outluc.com,Salida con Familia
65545,gealso323@wass.com,Salida con Amigos
65552,stcrurch737@wass.com,Salida con Amigos
65556,sr.2196934@outluc.com,Aniversario
65557,clmoyá766@wass.com,Aniversario
65560,juan1549170@outluc.com,Vacaciones
65562,sr.6831640@edubus.cal,Salida con Amigos
65564,francisca9727560@marmol.com,Salida con Amigos
65576,sr.1848142@outluc.com,Salida con Amigos
65577,miáncame917@marmol.com,Vacaciones
65589,Caridadolmos757@wass.com,Vacaciones
65593,Javierfrías801@tourket.com,
65600,,Salida con Amigos
65601,sta.3467745@outluc.com,Salida con Familia
65612,,Vacaciones
65613,,Cena de Trabajo
65633,Ramónnoriega776@wass.com,Vacaciones
65637,Enriquesotelo831@tourket.com,Cena de Trabajo
65639,stmatini267@marmol.com,Vacaciones
65646,essaca988@tourket.com,Aniversario
65647,,Salida con Familia
65648,anozsa885@marmol.com,Aniversario
65649,,Salida con Amigos
65652,sr.2196934@outluc.com,Vacaciones
65657,blanca8038817@viajesanma.com,
65662,sta.6619438@outluc.com,
65665,Franciscoávila759@wass.com,Salida con Familia
65667,,Aniversario
65678,oczace953@edubus.cal,Vacaciones
65680,Isabelrascón708@tourket.com,Salida con Amigos
65685,,Salida con Familia
65689,clmogo373@marmol.com,Vacaciones
65692,caolli626@edubus.cal,Salida con Amigos
65694,aggóca712@viajesanma.com,
65698,Lourdesvillagómez232@tourket.com,Aniversario
65699,Sra.sanabria958@edubus.cal,Salida con Amigos
65704,josé4391822@outluc.com,Aniversario
65706,Sta.tejada565@outluc.com,Cena de Trabajo
65712,marisol6249480@edubus.cal,Vacaciones
65731,alfredo849677@outluc.com,Vacaciones
65733,srarsoná213@viajesanma.com,Salida con Familia
65742,youryb332@tourket.com,
65751,Maytequesada714@outluc.com,Aniversario
65754,,Cena de Trabajo
65772,sr.9197608@edubus.cal,Vacaciones
65775,roberto8863130@marmol.com,Cena de Trabajo
65778,Jacobofrías208@wass.com,Aniversario
65781,sta.6560419@marmol.com,
65784,raviig186@tourket.com,Cena de Trabajo
65786,,Salida con Familia
65789,sara9567144@viajesanma.com,Salida con Amigos
65796,lumidejegr954@edubus.cal,Vacaciones
65797,stmavaes773@edubus.cal,Cena de Trabajo
65802,srgusaes484@outluc.com,Aniversario
65804,,Cena de Trabajo
65806,,Cena de Trabajo
65808,Ceciliaporras578@outluc.com,Vacaciones
65811,stjaflco178@viajesanma.com,
65815,daparí324@edubus.cal,
65818,Luzgirón177@edubus.cal,Aniversario
65819,dorotea9511864@marmol.com,Salida con Familia
65822,estela8247925@wass.com,Aniversario
65824,srfrcasa970@tourket.com,
65834,sradarco814@marmol.com,Aniversario
65836,Sr.pizarro190@tourket.com,Aniversario
65841,juan3320373@wass.com,Vacaciones
65842,jucacoal499@tourket.com,Cena de Trabajo
65846,jedoll636@edubus.cal,Salida con Familia
65848,joguve854@outluc.com,Cena de Trabajo
65851,anlegu945@wass.com,Aniversario
65864,Carlossedillo934@tourket.com,
65866,guillermina8202874@marmol.com,
65871,helima194@viajesanma.com,Cena de Trabajo
65878,,Salida con Familia
65885,claudia8316641@viajesanma.com,
65887,anbryá214@outluc.com,Aniversario
65890,Guadalupemena974@edubus.cal,Salida con Amigos
65891,marcela3302945@viajesanma.com,Salida con Amigos
65893,yolanda8323644@viajesanma.com,Salida con Familia
65901,srarchme180@edubus.cal,
65904,,Aniversario
65907,lumiorse429@viajesanma.com,Cena de Trabajo
65908,,Salida con Familia
65922,Santiagoabeyta439@marmol.com,Aniversario
65924,timoteo7057603@tourket.com,Salida con Amigos
65927,Rosabadillo698@wass.com,Vacaciones
65930,ánbrat817@marmol.com,Salida con Familia
65942,Teresaanda894@marmol.com,Salida con Amigos
65943,sta.2206919@tourket.com,
65958,anita2563271@edubus.cal,Aniversario
65959,,Aniversario
65963,Ramónmeza474@tourket.com,Aniversario
65966,Benitonaranjo830@marmol.com,Salida con Amigos
65969,sta.9588609@viajesanma.com,Vacaciones
65975,pablo8213860@tourket.com,
65976,sta.8931768@edubus.cal,Vacaciones
65980,Sr.sisneros799@edubus.cal,Salida con Amigos
65983,,Vacaciones
65985,Julioalva805@tourket.com,Salida con Amigos
65991,Eloisagarrido642@marmol.com,Vacaciones
65994,sr.7241445@wass.com,Vacaciones
65999,eva6365391@outluc.com,Aniversario
66000,,Salida con Amigos
66002,Rosariogutiérrez813@tourket.com,Aniversario
66008,,Salida con Amigos
66014,,Cena de Trabajo
66019,,Salida con Amigos
66022,,Aniversario
66023,Sta.arguello397@marmol.com,Aniversario
66031,,Salida con Amigos
66035,helima194@viajesanma.com,Aniversario
66045,Sr.barreto906@edubus.cal,Salida con Amigos
66046,viarga905@outluc.com,Vacaciones
66050,romebr232@marmol.com,
66057,visaca599@outluc.com,Salida con Familia
66058,sra.4921216@outluc.com,
66060,Manuelatoledo658@tourket.com,Vacaciones
66063,pablo5088683@outluc.com,Vacaciones
66064,sredalto390@outluc.com,Aniversario
66068,laura7467553@edubus.cal,Salida con Familia
66069,Raúlcaraballo974@marmol.com,Salida con Amigos
66081,Susanarosado993@wass.com,Vacaciones
66085,,Cena de Trabajo
66087,Jerónimorosas255@viajesanma.com,Salida con Amigos
66089,Pabloaguilera156@outluc.com,
66096,Santiagobermúdez216@viajesanma.com,
66097,,Vacaciones
66100,Sergiosierra314@tourket.com,
66101,miguel3231955@outluc.com,Vacaciones
66102,evanam172@wass.com,
66109,Joséserrato685@wass.com,Salida con Familia
66110,inveve365@wass.com,Cena de Trabajo
66113,sttibade863@tourket.com,Aniversario
66114,juvema506@marmol.com,Salida con Familia
66119,verónica7332996@marmol.com,Salida con Amigos
66124,alejandra2758964@viajesanma.com,Salida con Amigos
66133,margarita8382853@tourket.com,Salida con Amigos
66136,sta.2490450@wass.com,Salida con Familia
66140,emhuco747@viajesanma.com,Salida con Familia
66143,josé5639328@marmol.com,Cena de Trabajo
66148,alejandra5706442@tourket.com,Vacaciones
66151,Sta.prieto689@wass.com,
66160,,Cena de Trabajo
66171,ana3795282@edubus.cal,Salida con Familia
66173,Analomeli512@outluc.com,Salida con Amigos
66176,manaco947@edubus.cal,Vacaciones
66182,vesagu629@outluc.com,
66192,Javiergaytán668@outluc.com,Salida con Familia
66199,crpaar994@marmol.com,Aniversario
66204,Arturomesa113@wass.com,Aniversario
66206,Ariadnaabreu843@outluc.com,
66212,Sr.báez535@outluc.com,
66213,julio9565706@outluc.com,Salida con Amigos
66225,Alfredosaucedo875@tourket.com,
66226,,Vacaciones
66228,guadalupe9639467@tourket.com,Aniversario
66229,Isabelquintero914@wass.com,Salida con Amigos
66232,Ricardocorona986@tourket.com,
66262,,Cena de Trabajo
66263,secapr743@marmol.com,
66273,Gloriaelizondo242@wass.com,Aniversario
66274,,Salida con Familia
66277,,Vacaciones
66292,srfrcasa970@tourket.com,Vacaciones
66293,Marianoapodaca861@tourket.com,Salida con Familia
66295,leonor2290253@marmol.com,Salida con Familia
66302,Raúllozada880@marmol.com,Aniversario
66305,soledad2904448@wass.com,
66307,emarci670@edubus.cal,Cena de Trabajo
66309,Ceciliaporras578@outluc.com,Salida con Familia
66311,juan3320373@wass.com,Vacaciones
66312,,Vacaciones
66315,srsozaja802@viajesanma.com,Cena de Trabajo
66318,stredejehi377@tourket.com,Aniversario
66331,givaro399@outluc.com,Vacaciones
66332,Marcotejeda365@viajesanma.com,Salida con Amigos
66337,,Cena de Trabajo
66343,Magdalenarodríquez948@viajesanma.com,Vacaciones
66356,alicia6908339@edubus.cal,Salida con Amigos
66359,igalal276@marmol.com,
66362,eszate416@tourket.com,Cena de Trabajo
66368,,Vacaciones
66370,stcrpuja208@wass.com,Salida con Amigos
66375,Octavioroldán829@edubus.cal,Vacaciones
66377,roespi326@viajesanma.com,
66379,jorge4470264@outluc.com,Salida con Familia
66381,antonio3144186@viajesanma.com,Salida con Familia
66387,sara3210951@edubus.cal,Vacaciones
66394,srinmoca501@viajesanma.com,
66408,raúl9292389@wass.com,Salida con Amigos
66412,,Salida con Familia
66415,,Cena de Trabajo
66422,Bernardoloera539@tourket.com,
66423,,Salida con Familia
66425,Sra.carbajal674@marmol.com,Vacaciones
66428,teeses724@marmol.com,Vacaciones
66431,,Vacaciones
66433,,Cena de Trabajo
66437,,Salida con Familia
66448,Evamaya649@edubus.cal,Vacaciones
66456,,Vacaciones
66461,estela8247925@wass.com,Vacaciones
66462,sra.9914134@outluc.com,Cena de Trabajo
66473,concepción2266378@edubus.cal,Cena de Trabajo
66479,ignacio328827@edubus.cal,Cena de Trabajo
66481,Sra.escamilla558@outluc.com,Salida con Amigos
66492,lucamo432@marmol.com,
66497,Rosaliamora797@tourket.com,Salida con Amigos
66502,alyábu227@tourket.com,Vacaciones
66504,Gracielanavarro786@outluc.com,Aniversario
66505,rafael4800507@tourket.com,Salida con Familia
66508,iscagu257@outluc.com,
66509,Susanabaca705@tourket.com,Salida con Familia
66510,,Cena de Trabajo
66513,sra.7859461@tourket.com,Cena de Trabajo
66516,edolse351@edubus.cal,Vacaciones
66521,,Cena de Trabajo
66525,ramón5115143@edubus.cal,Vacaciones
66528,Maytenoriega971@edubus.cal,Salida con Familia
66530,ramaor839@wass.com,Aniversario
66531,Juliaarteaga578@edubus.cal,Salida con Amigos
66536,,Cena de Trabajo
66538,nicolás2999751@wass.com,Salida con Amigos
66543,ángela1550142@viajesanma.com,Salida con Familia
66548,jomacuro519@marmol.com,
66555,ana8383232@tourket.com,Salida con Familia
66556,,Salida con Amigos
66563,sta.2056184@viajesanma.com,Salida con Amigos
66564,,Vacaciones
66567,srmateorág301@tourket.com,Vacaciones
66570,marisol9736313@wass.com,
66572,mahupa402@viajesanma.com,
66573,tomás207795@outluc.com,Aniversario
66577,Soniacorrea422@wass.com,Cena de Trabajo
66582,srjairor488@outluc.com,Salida con Familia
66589,claudio3007187@outluc.com,
66594,Lorenapagan872@viajesanma.com,Vacaciones
66599,raregu307@viajesanma.com,Salida con Amigos
66602,soledad9334684@tourket.com,
66616,maría3179898@edubus.cal,
66617,Ceciliaguardado982@outluc.com,
66635,juan2477901@outluc.com,Aniversario
,Josébecerra106@tourket.com,Cena de Trabajo
