nombre,correo,contrasena,username,telefono_contacto,run,dv
Javier Esquivel Pineda,,EfoLl0t3O5w3q,jaespi269,+56 9 7542 1937,13892845,4
Elena Puente Rascón,,RT8qvA2pt,Elenarascón584,+56 9 2903 1620,22030988,6
Hugo Figueroa Dávila,,4LhChSdTO5LjaHLX,Hugodávila664,,25261641,1
Ricardo Olmos Otero,,pJjwf4wkeYHDto8b,Ricardootero102,,20454407,7
Sta. Margarita Chávez Quiñónez,,xXL2bzjPsAziLfft,Sta.quiñónez514,+56 2 1690 7131,6194219,K
Conchita Ávalos Muñiz,,ZOXg3UhguN17jj5W,coávmu849,+56 9 5905 4230,6949938,4
Juan Carlos Rangel Herrera,,47w4MMlWe0Y,jucarahe651,+56 9 5445 8998,10308907,7
,,N3NMwwntJTp55m,maría377164,+56 2 6394 6518,20340678,9
Juan Carlos Cortés Alaniz,,M8PopqxB,Juanalaniz456,+56 2 6775 6779,6365109,5
,,ld30kRYw,Teresaflórez761,+56 2 1088 1794,10990638,7
Marilu Rivas Avilés,,Ce4Avna2mk9HNZw,mariav146,+56 2 8261 5154,-19126049,K
Leonor Molina Granado,,r0LmGcYIMxn5,,+56 9 4697 5495,3824246,6
Sara Muñiz León,,LxWTy49xbV74GhI,sara5449654,+56 2 3762 6277,7713558,8
Salvador Samaniego Campos,,jIyzirA32HQTDl,Salvadorcampos949,+56 2 7346 9326,8241240,9
Ricardo Garrido Aguilera,,Q6AJ8q0FzRGwaMQp,ricardo2474929,+56 9 9391 5210,4479646,5
David Villa Jáquez,,Isu2NltEY0,david6454150,+56 2 2610 1601,5611097,6
Leticia Muñiz Villanueva,,,Leticiavillanueva572,+56 2 0853 2580,16155457,K
Guadalupe Chávez Garica,,WvDnBtNAxS9,guadalupe3643604,+56 2 1575 0017,23522043,1
Teresa Alemán Zúñiga,,K2RnK0g0nwgBbiZ,teresa6284141,+56 2 0852 9601,22463486,2
Conchita Corrales Santiago,,cE68j5Ar1YrJ3W,Conchitasantiago523,+56 2 7156 8033,8169717,5
Sra. Salvador Duarte Romo,,3yyEiE2f9RWq,srsaduro114,+56 9 2128 4319,20722616,5
Ana Luisa Fajardo Ochoa,,,ana8664771,+56 9 4417 0950,26527231,2
Sta. Emilio Muñiz Navarro,,781pq3Y891,,+56 9 5842 8362,22636534,6
Octavio Saldaña Soria,,QGn3XANbIrv,Octaviosoria202,+56 9 2879 4219,21147606,0
Jacobo Murillo Armas,,4qD2CpdD1zzY,jacobo4400203,+56 9 6412 0497,744382,K
Hernán Ávalos Santana,,,Hernánsantana931,+56 2 1091 0836,3699303,0
Pablo Rivera Ulloa,,LjcqYfPCFI57,Pabloulloa817,+56 2 9804 8888,18036909,0
Antonio Rolón Regalado,,i5KAsbVbHx30G,anrore623,+56 9 6381 5686,,
Carlos Alarcón Ferrer,,bsSwFFO9cFBsEoX,Carlosferrer394,+56 2 7850 6632,23821370,3
Cristian Armendáriz Palomino,,eh95DlVFDFi,crarpa941,+56 9 6254 4281,1087863,2
Sr. Julio César de Jesús Loya,,K7M6AfvxL,srjucédejelo472,+56 9 3149 4727,24306276,4
David Tapia Cadena,,R7Lw3uZ4DErKPnF,,+56 9 2266 6173,7965501,5
Isabel Barrios Quesada,,3udA3xSUvqnZl,isabel3627113,+56 2 7691 5780,22210249,9
Manuel Lerma Carrion,,lm9ri3gnKdEnI,manuel7878178,+56 2 5090 5887,5273202,6
Alfredo Angulo Pabón,,OZcrtd2Pb7nQ15,,+56 2 7188 7032,21651457,2
Reina Robles Cepeda,,V5FJxEu5,Reinacepeda463,+56 2 4402 3709,24102900,K
,,lpOodI2BU,Cristinalaboy363,+56 9 8082 3315,26649451,3
Clemente Armenta Mojica,,20HRzMgxk1ea,clemente4213490,,16810929,6
Sr. Inés Pantoja Cavazos,,fDYEAW9SE3hn,srinpaca363,+56 9 4198 9768,9275677,7
Antonia Gonzales Naranjo,,Re6C80JdF5Pv,antonia6828176,+56 2 4047 4188,,
Sr. Mateo Nieves Arredondo,,5GPFg4OVPlrmz,Sr.arredondo790,+56 2 6193 9321,7761839,2
Susana Garica Hinojosa,,5YQRqZPwErfR8Ml,sugahi413,+56 9 3153 2742,25952501,2
Daniela Canales Vega,,R0P44vCbxXHbH4M,dacave717,+56 9 4976 1325,22629240,3
Patricia Quintanilla Delgado,,NyX6JaD20HcmF87i,paqude425,+56 9 6518 7699,19876279,2
Daniel Pantoja Ríos,,,daniel4005501,+56 2 1672 5498,6843900,0
Sr. Graciela Loera Banda,,B7TmrVlgNg,,+56 2 8219 6871,-13212604,6
Antonio Rodrígez Castellanos,,,anroca904,+56 9 3815 5488,11697936,5
Guillermo Mora Botello,,6ATuo6WgsK,guillermo3541917,+56 9 8425 9339,414279,9
Cristian Dueñas Lomeli,,bnL6dsBhS,cristian3157389,+56 2 3191 4304,9759640,9
Amalia Lara Portillo,,dGbfSVXyBsFR4,,+56 9 3573 9905,28154229,K
Esperanza Samaniego Santacruz,,yh6XxGf4,essasa135,+56 9 1451 7469,4971614,1
Lola Duarte Treviño,,IUjEbyT9HFz,lola2905158,+56 9 6937 6746,16844510,5
,,Ik0VAF5iRj0n,sta.6166392,+56 2 2125 0618,-23814228,8
Esperanza Serrano Segura,,e7qY4BcHDF,esperanza6822786,+56 2 0197 0628,2045148,3
Mario Rodrígez Alarcón,,THodABpH7,mario8808698,+56 2 7273 5908,6520483,5
Victoria Lucero Mojica,,IJFVtXRR7,Victoriamojica304,+56 2 2386 6122,,
Rosario Rivas Márquez,,fGbHv4j55oQ,rorimá732,+56 2 9208 9286,217104,K
Laura Chapa Carrera,,qih6dT1Phs,laura1911935,,11174923,K
Sra. Alfonso Reyna Arreola,,7yjljlHVDV,sralrear873,+56 2 3399 0674,26623356,6
Luis Espinal Jimínez,,UKJW3tw49eg,luesji180,+56 9 6460 4489,26919381,6
Francisco Irizarry Pagan,,nJ05kT3FzjVEMS,francisco5154912,+56 9 0744 2439,7192534,K
Sta. Timoteo Barrientos Deleón,,9y3YQaxIKnoB7,sta.9532887,+56 9 8995 4016,19311922,0
Salvador Roldán Segovia,,2u3tnvtf9Mb,salvador5355927,+56 9 4114 8858,20140520,3
Luisa García Baeza,,AKc7WnV1obfI,Luisabaeza728,+56 9 8815 6033,9821315,5
Gerardo Ocasio González,,MUwQ76t1XgWR,gerardo7518664,+56 9 6917 1103,2002520,4
Sta. Sonia Gamez Carrasco,,BcKjQEXkdWX5j74g,Sta.carrasco699,+56 9 4248 5128,18588469,4
Eva Carrion Maya,,,,+56 9 7660 7329,,
Sta. Eduardo Delapaz Posada,,5Wbpjj9ttkU27rb,Sta.posada258,+56 2 1339 7289,19306980,0
José Luis Sedillo Pelayo,,xZrof4XvE1xeDAd6,jolusepe291,+56 2 9353 6616,26033478,6
Sra. Dolores Tafoya Alemán,,OZBoK7xuj,Sra.alemán551,+56 2 9530 1060,21694751,7
Alberto Posada Bañuelos,,yk4gIIH0Ky,Albertobañuelos220,+56 2 6082 4308,18887385,5
Daniel Padilla Ruiz,,4E4bncL4rMJiSsph,,+56 2 9568 6497,19301348,1
Sr. Joaquín Franco Méndez,,pmf5WWv2pddASe0,Sr.méndez357,+56 9 7082 5086,12631001,3
Miguel Gallardo Canales,,8MfscC1LzPPvfMKf,migaca779,+56 9 5551 5750,11153802,6
María Gallardo Esquibel,,w5yuiOyj,maría5814170,+56 9 4314 2497,-16200619,3
Rosa Chacón Benítez,,ZzZw11aB,,+56 9 0248 3752,17075058,6
Alejandro Partida Barrientos,,qadcG41TkNdMcZX,Alejandrobarrientos167,+56 2 1123 8323,6718128,K
Marta Gálvez Quintanilla,,,magáqu633,+56 2 9577 8044,21475660,9
,,,,,,
Cristian Aguilera Benavídez,,7golvLfggR,cragbe733,+56 2 3873 5697,9002368,3
Ernesto Canales Matías,,,ercama473,+56 9 3044 1376,9486119,5
Dolores Miranda Granados,,bbzmsGv739Tc,domigr102,+56 2 3728 6781,3602216,7
Enrique Alemán Heredia,,purSjBHD11,enrique2517893,+56 9 2335 9926,6399554,1
Vicente Vargas Vargas,,Bvw01huhRBQOvQ,vivava798,+56 2 9435 4472,17491618,7
Sra. Victoria Merino Flores,,b38Bc6SuN,Sra.flores417,+56 2 5124 6548,18557079,7
Victoria Niño Espinosa,,rwiWIPJnyyN93w5,vinies924,+56 2 7668 1814,16255774,2
Sra. Diana Tovar Brito,,M2f6u6uzMTYi,srditobr525,+56 9 3369 1394,12967465,2
Luisa Olivárez Aponte,,CrgD4DwNGZnHu0FN,luisa7807560,+56 9 8383 0534,29011400,4
Margarita Alonso Castro,,hWIPDn3u8FLJlGTp,maalca853,+56 9 5802 2754,23754129,4
Luisa Huerta Lomeli,,R12yQgTX8x7C,luisa9964377,+56 2 6432 8626,25687738,4
Sta. Rocio Velásquez Garica,,5VMYq2gvB1O96k,sta.677650,+56 9 7896 5957,1574539,8
Eloisa Noriega Baeza,,IIrDPx1na8s,Eloisabaeza457,+56 9 6428 9116,1502468,2
Sra. Luz Arevalo Téllez,,,Sra.téllez353,+56 2 3054 7470,26969741,5
Sta. Fernando Burgos Guajardo,,BKAyn2xAcP0O,Sta.guajardo705,+56 2 4494 3493,22270278,K
Joaquín Zarate Oquendo,,ga2LetT7Iu5BLat2,Joaquínoquendo984,+56 2 8738 2893,20636248,0
Diana Mares Villarreal,,YrPhQDA3Ur7Xv3,,+56 9 3940 2575,23544015,6
Alfredo Gallardo Castañeda,,3llJlgWlTMu,alfredo5333739,+56 9 1915 6970,463524,8
Teresa Murillo Espinoza,,nxeIrHJa8jPFJ,temues193,+56 2 4973 6600,4090152,3
Jorge Luis Ayala Curiel,,fq8nUt9p7V,Jorgecuriel612,+56 9 3165 8796,3895064,9
Débora Santiago Jaramillo,,5gARxKLD9,débora9634480,+56 2 2409 8118,,
Felipe Alemán Saavedra,,XH7VM4i07Pc3,Felipesaavedra751,+56 9 4254 8629,24465852,0
Eduardo Prieto Ontiveros,,CubdE2cmCDfMr,edpron217,+56 9 3603 1043,8148589,5
Sra. José Luis Rodarte Cornejo,,q6JpOR1R3,srjoluroco861,+56 9 6615 4378,18719771,6
Irene Herrera Ybarra,,ypr4vZ4w3S,irheyb536,+56 9 0706 5203,6358297,2
Gabriel Armas Villareal,,1wRgG7IK,gaarvi733,,21219935,4
Carla Zapata Serrato,,tXMjL0mBkw3WD,carla4292156,+56 2 4414 7291,3742955,4
Pablo Reséndez Mojica,,,Pablomojica100,+56 2 6540 2472,23170422,1
Sta. Emilio Borrego Pelayo,,D1g3eXmMQbEUK,,+56 2 1060 0158,8135797,8
Rebeca Garica Rubio,,76KbAGXXfu,regaru480,+56 9 5082 6728,14585822,4
Ricardo Reyes Granados,,0tujH3gPIfRagc,riregr434,+56 2 5591 3029,19022134,2
Jesús Delatorre Escobar,,2K9n4RHd6,Jesúsescobar947,+56 2 7687 5022,4532898,8
Luis Becerra Franco,,JtZHN1Ffnl6fzWeM,Luisfranco557,+56 9 1916 9607,16602972,4
Enrique Godoy Rosado,,gWC3wnOyMoU,Enriquerosado625,+56 9 2782 5244,23535597,3
,,XEy87skWy3hEH,srcaguro407,+56 2 8772 2008,10701019,K
Sr. Timoteo Preciado Mena,,H6PKgsiFh0VBq,sr.5729982,+56 2 5258 0906,24618909,9
Fernando Guevara Tijerina,,Nh2G5ghd,Fernandotijerina339,+56 9 0882 3507,21389181,2
Alberto Almonte Llamas,,t9l81FkW,alalll768,+56 2 4046 5138,5717285,1
Juan Carlos Osorio Alonso,,t3eBS5e4,jucaosal718,+56 9 7249 3986,17724943,2
Diana Lugo Sanabria,,05oXBUzizBGZCu1y,,,7292158,5
Sr. Bernardo Venegas Cornejo,,ddUx1cYJ75X,Sr.cornejo342,+56 9 3858 2704,15102622,2
Jerónimo Godoy Batista,,LqI1Cyq0c9L,jegoba817,,5402622,6
Marcos Duarte Agosto,,edCX1z0IhZ0g14u,,+56 9 7249 1065,27856413,4
Luz Zúñiga Girón,,J289xlOTB1kmqvE,luz8793693,+56 9 3596 1772,9781763,4
Sta. Sancho Meléndez Saldaña,,H3Ypat8mWCc2TBo,Sta.saldaña884,+56 2 3635 3306,25221425,9
,,iQ8UBkGjQ3QU7S,Gabrieltamayo921,+56 2 3796 5414,20698217,9
Marcela Quintana Valadez,,ratN295pHRZR,Marcelavaladez472,+56 9 2217 5634,27705869,3
Lourdes Samaniego Anguiano,,ccPtFdY8ylfJC,losaan747,+56 9 2886 9390,14919885,7
Pilar Meléndez Hernandes,,HfPajTP6X,Pilarhernandes219,+56 2 7057 2642,6926236,8
Sr. Javier Irizarry Ortiz,,Y4TdGCz4S5,sr.8455662,+56 2 0100 8803,17860295,0
,,HTWjby86eqQus,Sta.gurule340,+56 2 3973 2335,5510937,0
Sta. María José Tejada Ozuna,,SiPez9mT6XeKCS,Sta.ozuna876,+56 9 7590 5604,1058863,4
Adela Guardado Ojeda,,Nsg2V0b7,adguoj670,+56 2 0267 7871,10540093,4
,,2BMewDEGUp7MNa3,maelcize560,+56 2 2019 0634,1351910,2
Maricarmen Granado Uribe,,,maricarmen2352849,+56 9 8688 4197,16752846,5
Timoteo Carmona Mesa,,TTUiER5uJDlHM,Timoteomesa912,+56 9 8787 2348,243927,1
Anita Sierra Patiño,,FyI3XjAXi50t,Anitapatiño981,+56 9 9240 6848,7498833,4
Sta. Alfredo Carrera Márquez,,98f9RVcx,stalcamá501,+56 9 2643 3750,13829811,6
Juana Vega Núñez,,wwmNtnRNKptYk6,juvenú912,+56 9 8245 9638,14677038,K
Francisca Cavazos Montoya,,,francisca9808198,+56 9 8581 5355,-16590866,K
Ana María Badillo Uribe,,Wf1Bllr8eWXp,ana9921646,+56 9 9582 2455,-3799475,8
Gloria Roybal Ocasio,,AH2IdlpXDp,Gloriaocasio247,+56 2 0176 8248,,
Sra. Lorenzo Cardenas González,,z3gvMEusBL7,Sra.gonzález918,+56 9 6449 1873,24272216,7
Sr. José María Solano Duran,,sNH6VoY23T5Y,sr.6302478,+56 9 8322 3192,24716350,6
,,12fcINx5,maliro758,+56 2 3889 5294,27912951,2
Octavio Otero Banda,,VMZxG3VEP,Octaviobanda819,+56 9 2471 3848,23352364,K
Sra. Cristobal Montero Ramírez,,pkUMLREEVxoA2h,sra.3548830,+56 9 3026 2310,3628972,4
Ricardo Murillo Corona,,ISrX2DmOi02DRm,Ricardocorona376,+56 9 5908 6494,29851202,5
,,hUIQ259ox,allova849,,5543699,1
Caridad Roldán Suárez,,oT2peydQI,carosu702,+56 9 5504 1410,23969229,K
Fernando Tovar Lomeli,,jLK8J8GcGI3ssL,Fernandolomeli807,+56 9 0442 3253,21104287,7
Silvia Cerda Caraballo,,4Pv0rgDEsVF,silvia5319943,+56 2 5964 2581,23030103,4
Germán Vera Alvarez,,xRQ9lNB10,germán3643842,+56 2 7238 5954,9708917,5
Gilberto Griego Mejía,,1boaKu4JinYE,gilberto1483464,+56 9 6925 1193,4681565,3
Elena Feliciano Arenas,,9SOn7ceG,elfear218,+56 2 0993 0949,12181560,5
Roberto Abrego Casares,,,roberto1681636,+56 2 6093 7787,19511238,K
Fernando Anaya Ojeda,,,feanoj756,+56 9 5271 9310,10760925,3
Sra. María Rodríguez Ocasio,,RT4VmBA1ag,srmarooc915,+56 9 4842 6665,18861904,5
Sra. María Teresa Tapia Gaona,,n5hWXtgTbEdzAP4,srmatetaga513,+56 2 9171 5611,11383478,1
Julio César Mares Loera,,eSiqoDO6wsUe,jucémalo655,+56 2 9567 2698,-15236405,9
Carla Valdivia Araña,,Wv0ZS20i,cavaar863,+56 9 9373 1802,16069450,5
Sta. Lorena Borrego Ruelas,,vE9PQIKV4i,sta.7639701,+56 2 6895 8397,-11349190,6
Sta. Víctor Muñiz Orosco,,OA3HaV0wKznr,stvímuor849,+56 9 6546 6306,16753743,K
Amalia Zayas Orellana,,utWrWoF3bL0Q2PR,Amaliaorellana652,+56 9 1326 5411,23021465,4
José Luis Caballero Villareal,,cuVKDEZf6yvl6gr9,Josévillareal872,+56 2 5877 0683,9737395,7
Débora Ruelas Tejeda,,CR2cBquAZ,dérute971,+56 9 6668 7544,8255494,7
,,sFkCkFc5x,gogiad530,+56 9 2560 7728,18175891,0
Ricardo Rosario Lebrón,,q5RbqNP5l8,,+56 9 9802 6146,7245708,0
Cristian Mejía Camarillo,,Pt87AFC8yv4Wx,crmeca232,+56 2 6393 2316,12360875,5
María del Carmen Limón Barragán,,VDWW80Z5aabmsG,madecaliba417,+56 2 6908 9745,6921485,1
Sra. Elisa Villanueva Duran,,ccd24KbIhXTrqt,srelvidu208,+56 2 8710 5055,27469606,0
Cristina Gálvez Pérez,,5THOeH7LAH,crgápé328,+56 2 3510 0579,20110192,1
Daniel Irizarry Barreto,,W1xGiFfgp2,dairba456,+56 9 0151 4620,1717261,1
Sta. Susana Aragón Robles,,0U62k2uz,Sta.robles301,+56 9 6543 5567,26006240,9
Claudio Mascareñas Salcido,,7LwU5hgR4xluMQ,claudio6584922,+56 2 6914 9514,19708381,6
,,bHX6rrrvOkaYPS,,+56 2 5992 3821,14147367,0
Olivia Elizondo Estrada,,VfORalk1xYCjx9,olivia9083558,+56 9 7306 3788,,
Andrea Munguía Casas,,NM3A82FptK5BDas,,+56 9 1471 3034,7210463,3
,,l2acArIEVf2,Beatrizaranda111,+56 9 7194 5707,26138875,8
Gustavo Rojas Rojas,,XtZtkLp39c2Bu,guroro853,+56 9 1950 6842,3250895,2
Marcos Alemán Carrero,,,maalca337,+56 2 1785 3462,19736553,6
Guadalupe Robles Hernández,,BByfOC9vGz3,gurohe758,+56 9 3167 9314,17966615,4
Lucas Mejía Duarte,,ubq9FGpGELlKl,lucas7946971,+56 2 0626 9218,15903141,1
Diana Mota Marrero,,0zU0ObkPtsd,diana9600394,+56 2 8627 5598,16813883,0
Sra. Ana Morales Acosta,,jbaeV9Cgp,Sra.acosta828,+56 9 2502 4463,29978025,2
Sta. Jaime Beltrán Santiago,,aiYf62p9zH16a3,sta.2549257,+56 9 3181 0960,-17389440,6
Sta. Marco Antonio Carrasco Abrego,,9ZYHZCql86FiQKq,Sta.abrego796,+56 9 9852 7253,20504553,8
Raquel Canales Medrano,,HT0fdmFuoM,Raquelmedrano838,+56 2 6398 4994,10212547,9
Anita Orellana Solorzano,,gsUVTFb8lGaGVB,Anitasolorzano694,,25669482,4
,,32vIcYkk,sra.9376237,+56 9 6609 4952,6049138,0
Marilu Villalpando Sandoval,,Sqaqu49vsFuHTE,mavisa662,+56 2 4596 6545,21991361,3
Eva Cotto Cabán,,6MbWkDCNknz,evcoca187,+56 9 7701 6424,8986394,5
Mateo Manzanares Tello,,z1YS6uMlm,,,-5721943,2
,,x1eFWi2uBjjPgLu,,+56 2 6454 9236,24142689,0
Gilberto Beltrán Bueno,,K5n7CuGyDOcOuK0J,Gilbertobueno234,+56 2 0751 7132,10027728,K
Débora Rivas Sedillo,,7JwNZzvqTFbMz,débora547680,+56 2 1611 9017,,
Sta. Catalina Armas Ocasio,,l3Y0VJZvAgCzXry,stcaaroc248,+56 2 9038 5340,29782915,7
Mariano Villalpando Llamas,,LqTVW5GIq,Marianollamas142,+56 9 5996 2312,26323580,0
Rosalia Dávila Mora,,,rosalia1545101,+56 2 5802 4716,16195280,K
Sta. María Eugenia Tijerina Ledesma,,a1HhscqrE,stmaeutile431,+56 2 1017 3872,28784931,1
Santiago Gurule Longoria,,it1pTz2Oh7MHLf2X,santiago6474246,+56 2 5025 8193,2940106,3
Marilu Miranda Meléndez,,mKw969SptCE,marilu4565757,+56 2 8953 6169,-20176562,5
Sta. Estela Matos Camacho,,cK3PJ7yx85Nxrbt,Sta.camacho648,+56 2 7173 6845,27655898,6
Rosalia Farías Mireles,,Lh0oFbVBt,rofami908,+56 9 9361 7834,15796857,2
Josefina Linares Contreras,,G3UmkBKD,,+56 9 0947 7718,15898251,K
Magdalena Carrillo Cavazos,,,Magdalenacavazos509,+56 2 3763 6217,3181716,1
Silvia Abrego Bravo,,,silvia7555509,+56 2 0744 3152,-17437313,2
Sr. Óscar Colón Ozuna,,WyQHUoNl0iKVp,Sr.ozuna264,+56 2 9329 6992,27348257,1
Pedro Castañeda Medrano,,uD61NFDSvf,pecame241,+56 2 0682 7059,14724569,6
Daniel Figueroa Collazo,,c0k7pqubWGnOE,dafico126,+56 9 7946 3781,20133152,8
Clara Valdivia Corrales,,1OP49mGZKbuW,clara1374681,+56 2 9581 1900,303769,K
Inés Leiva Ayala,,n4bt7kPMKamW4,inés3473793,+56 9 8675 1952,18705020,0
Benito Hurtado Tapia,,vqVPKkpb5,behuta987,+56 9 3461 7335,15833304,K
Gilberto Nájera Urías,,VdMnRWK9K84,gilberto1543266,+56 9 3751 1567,9172145,7
Ricardo Tirado Rosas,,z1fKssEs45,ritiro614,+56 2 5462 4703,19064468,5
Ignacio Robles López,,FtP17v7F4,ignacio7633231,+56 9 5408 5425,755100,2
Marcela Limón León,,1tq8UO2Bl,Marcelaleón917,+56 9 6389 1908,21378253,3
Federico Urías Ybarra,,3Be8qtEoQvBKTV,Federicoybarra723,+56 2 9745 0314,9571193,6
Luis Alfaro Rodríquez,,STGbPfIt74dv,lualro551,+56 2 4912 7191,21380310,7
,,5lRk03GUvHURo5,liatco286,+56 9 7547 7640,20865163,3
Soledad Venegas Brito,,tk4aSgC5zIT,Soledadbrito427,,-29983194,9
Gilberto Toledo Velásquez,,tRWbsWYA3qtDRi,gilberto7761930,+56 9 8884 0369,-27790960,K
Diana Delafuente Delatorre,,goIgmV61G0DGy,diana8296765,+56 2 1505 8886,27551557,4
Mariana Valle Ortiz,,sxyKTOp5ZLJkl,mariana3548734,+56 2 6301 7576,7294907,2
Jorge Araña Lozano,,UG7mn1C5P,Jorgelozano498,+56 2 7529 7341,-25886934,6
Sta. Marilu Valles Espinosa,,H8rv1OdKlrM,stmavaes909,+56 2 5252 2862,28429309,6
Sancho Ocasio Correa,,8eLbrrJV5MwhP,saocco263,+56 9 6690 0775,-15360851,2
Rubén Santana Suárez,,iRgkAWQ3RZ39nB1,rusasu995,+56 2 3792 0220,1681685,K
Clara Alejandro Zarate,,BDKYdOEv5rkTsAhJ,clalza170,+56 2 3980 5436,9755227,4
Óscar Heredia Lozano,,mJA2UeqLezeOd0c,óscar9618368,+56 9 5611 3269,-13604144,4
,,sWJrdAnEpWBKHx3x,intrpa165,+56 2 8786 7565,27328207,6
Rosario Rodrígez Cardenas,,PLg1DN9iU,rosario1379769,+56 2 5761 0214,11110177,9
Guadalupe Espinoza Longoria,,J0bBN7EGkUc,gueslo392,+56 9 7901 4024,11232472,0
Anita Orta Rodarte,,MG6SUxJ2,anorro274,+56 2 7337 6248,21198863,0
Soledad Núñez Ceja,,3W5YA0OBNz,sonúce790,+56 9 8943 7152,12701198,2
Ramón Ramírez Meza,,nRE5xoVSRkqJOt2,ramón8948924,+56 9 5194 5597,9107708,6
Sr. Vicente Olivárez Guevara,,VN57XO06Eqp4,srviolgu649,+56 2 1656 8473,26718362,7
Irene Sisneros Alvarado,,,irsial863,,1295274,0
Nicolás Arenas Porras,,VFGFS4oh34T,nicolás9015820,+56 9 4308 7775,7428423,K
Ramiro Casares Caldera,,2gE0iYxqV,Ramirocaldera140,+56 2 1614 6136,20700281,K
Sr. Ester Verduzco Bravo,,y8Ua4RDIhgIvn4Q,Sr.bravo581,+56 9 6551 5444,10624168,6
,,V4niKQtzCvj2,Víctorsalcido861,+56 2 7192 7491,6049816,4
Rodrigo Caraballo Abreu,,Q1J1zLmwTCjwS1R,Rodrigoabreu695,+56 9 0590 0023,12431642,1
Sra. Mercedes Echevarría Olivárez,,O8w1qIdZbi,Sra.olivárez447,+56 9 7512 4760,25955604,K
Sra. Timoteo Ochoa Gaona,,vxdUGbx7dxX,srtiocga466,+56 9 4072 7882,4426205,3
Sofia Banda Jaimes,,5PSlKXOtPDZb,sobaja303,+56 2 2596 8066,21043578,6
Sta. Mario Muñiz Borrego,,TRWXNeO21D9PJsm,Sta.borrego229,+56 9 6422 5207,5674035,K
Sta. Olivia Gallegos Anguiano,,Gk9QhUoCiY,sta.3871793,+56 9 4637 2844,22642349,4
Esperanza Orta Alcántar,,0siE9VVkFjq,esperanza1900654,+56 2 7103 1810,18456017,8
Jorge Luis Domínquez Hernández,,1TdsnPm63MYg8sC3,Jorgehernández484,+56 2 7963 1983,3905940,1
Débora Domínguez Valdés,,uzAp5pz6C6sX,débora8372924,+56 9 1102 8547,28344696,4
Francisca Contreras Farías,,OxeE0QA9rceDDwCB,frcofa808,+56 9 3382 1336,14285594,1
Graciela Lomeli Cruz,,it75KUGnd23Be0fe,Gracielacruz897,+56 2 7907 5807,1488937,K
Mariana Quintana Peralta,,O1zvk2JgaRdD6I9w,Marianaperalta206,+56 9 9896 8474,2808753,5
Gustavo Curiel Granados,,1mYNNlWINPnm8gR,gucugr136,+56 2 9465 9032,20233673,6
Sr. Rafael Arteaga Venegas,,0mCwjFaK2,Sr.venegas219,+56 9 7576 5274,,
Julio César Saiz Ávalos,,CJD0WzDLRlMu6Doh,jucésaáv287,+56 9 7159 3934,-6745819,2
Sta. Arturo Anaya Ávalos,,m2bbymmU,sta.4677614,+56 9 9328 9078,3540470,8
,,i63C1hFb1IffC,Marianoolivas311,+56 9 9249 9721,16755660,4
Sta. Francisco Zelaya Alvarez,,lJi0jlKkZ568DHK,sta.7881582,+56 9 2690 6011,5831732,2
Mariana Arenas Alanis,,cg9CLMqKj,maaral246,+56 9 2701 1509,24572254,0
Hernán Vargas Espino,,8YSmyaYlL4Lsh,hevaes510,+56 9 5307 2631,26256885,7
Ricardo Caballero Candelaria,,5Zxa994b5Vq6,ricardo8581854,+56 9 1234 9191,10504755,K
Manuela Ávila León,,WXCmh1mL,manuela2656647,+56 9 9371 1625,15710363,6
Sra. Ángela Lerma Alicea,,QqCVPVxmwbyc2a,sránleal617,+56 2 3441 2100,-23197114,9
,,tmsqmLP7OUK,,+56 2 3287 5759,,
Óscar Tirado Reséndez,,AAhP6Dv72Ty,Óscarreséndez437,+56 2 4211 4232,831173,0
Olivia Ordóñez Delafuente,,,olorde988,+56 9 5526 9967,11155267,3
Mercedes Narváez Sedillo,,mJG82lPWE,mercedes813397,+56 2 1581 6459,24197472,3
Sra. Nicolás Gurule Rojas,,nTI8jyvGUkY34ns,sra.1706593,+56 9 8069 9291,25035021,K
Verónica Tapia Cabrera,,AiQ8xrhoODBbT,verónica2621304,+56 2 6066 0487,2631911,0
Rodrigo Lerma Tamez,,dN3JF3IYX3KxYo,roleta633,+56 2 5564 3886,908928,4
José Luis Téllez Mota,,MR7J3h1hEqPE,jolutémo850,+56 9 3391 1549,11485873,0
Sergio Vanegas Abrego,,0UjvyQ4J,,+56 2 8288 9744,14592334,4
Jorge Muro Rascón,,oLM3HXtsql,jorge6277773,+56 9 3916 1088,1208894,9
Nicolás Gaytán Montenegro,,D5dxU1ScNgJuZ,Nicolásmontenegro529,+56 9 9178 3724,12456516,2
Sr. Hernán Rosado Sisneros,,Pl43WiidiRq7f,srherosi583,+56 2 1385 3509,-1351174,8
Tomás Huerta Rosario,,W6PsZCfmd4u8,Tomásrosario843,+56 9 3004 0276,23509796,6
Emilio Gaytán Santillán,,pHER0YA5sVczFq,emgasa458,+56 2 8971 0549,26928933,3
Olivia Leyva Godoy,,,olivia6711609,+56 9 8260 5006,4845576,K
Eva Reséndez Lucero,,WhojH0K7atV,eva4291211,+56 9 7557 3087,20163542,K
Eloisa Reynoso Garrido,,vD4Ssw04,elrega594,+56 2 6598 5956,5340408,1
José Emilio Vera Bustamante,,pJcE2ayoSCa9rA,Josébustamante530,+56 2 0786 8505,1817475,8
Mariano Raya Zamora,,MT8RQoTDQg3z3,mariano3336202,+56 9 1500 8033,20467323,3
María Eugenia Correa Rosas,,IJ7at2QQ1P5ysP,Maríarosas993,+56 9 3009 0454,12337789,3
Sr. Alberto Peres Mejía,,ZpKgax27yeICb,sr.5884267,+56 9 5347 7754,21831495,3
Teresa Villarreal Vargas,,zVsGspq2kSz6Dm,Teresavargas594,+56 2 9561 8522,3060225,0
Sra. Margarita Mayorga Niño,,4rTo7CKAVACChp,sra.1307917,+56 9 4780 2938,15328060,6
Mónica Ulibarri Vaca,,zaQrFAeRW6hWTjJH,,+56 2 2735 2178,17969488,3
Andrea Avilés Serrano,,8hCdk6lB,Andreaserrano743,+56 2 8917 2659,9644793,0
Rosalia Pichardo Negrete,,LloNOPi111nz,rosalia6319299,+56 9 2585 8186,-10824865,3
Jaime Cruz Salinas,,S3RCvud7v01,jacrsa362,+56 9 7474 5929,-11488899,0
Germán Castillo Pacheco,,,gecapa462,+56 9 1675 2805,4982313,4
Daniela Valladares Díaz,,o8KH6p3Qw2LD,davadí152,+56 9 9390 2406,5804017,7
Soledad Terrazas Montaño,,B7PhIJzCRmkrv3G,Soledadmontaño651,+56 9 9037 6033,11926402,2
Sra. María Eugenia Valles Preciado,,KsogGt9eAs6oa,srmaeuvapr173,+56 9 7571 0599,5080648,0
,,,elvira9098828,+56 2 7165 0718,4289619,5
Samuel Sanabria Velásquez,,mF4ncPCd,,+56 9 4636 5497,3294424,8
Joaquín Mata Mesa,,A0cDccVV0,Joaquínmesa252,+56 9 3955 2425,16711817,8
Gilberto Valdivia Rodríguez,,ZeOC8WlfQ8Rh9QGm,Gilbertorodríguez960,+56 9 8310 9822,13467718,K
Fernando Orta Delagarza,,EunN8z44O,feorde738,+56 2 7477 4089,-10140313,0
Octavio Vela Guajardo,,pmb6MOL2,octavio8682320,,13873467,6
Benito Ocasio Medrano,,6JKk31FjBMGPeKJ,benito8939438,+56 2 9512 8205,19527286,7
Jaime Loya Serna,,x1NZP2YV,jaime6693470,+56 2 8071 9626,3758888,1
,,F0OYHcMwx1NM3ykm,flbátr120,+56 9 5022 9919,,
Mercedes Figueroa Anguiano,,g82Jili4lTuF,Mercedesanguiano220,+56 9 8294 2629,9171121,4
Jacobo Briones Escamilla,,LSpRJ24B,jabres244,+56 2 7693 1687,24867809,7
Benito Araña Matos,,GMHY5XDdMDs,bearma838,+56 9 7830 4724,29877605,7
Victoria Archuleta Rojo,,Hlv4H8bgOBC9dA,viarro125,+56 2 8018 4348,-4637910,1
Adán Ulloa Lemus,,cZgrqfmacvf7T,Adánlemus568,+56 2 2114 7147,26557190,5
Pablo Reséndez Lozada,,4zOIfd33ElIla,Pablolozada990,+56 2 1069 0373,27990008,1
,,utEwB2rsJB,Juanfranco923,+56 9 3887 9679,,
Vicente Naranjo Gallegos,,uEdhEURHAR4nTw,,+56 2 5876 2661,9838842,7
Sra. Diana Mascareñas Bueno,,wZDiYofbN7c8S,srdimabu741,+56 2 1719 6457,10290127,4
Enrique Armenta Tijerina,,Fonzk4Jc39EeEbbR,enarti879,+56 2 1566 5916,-8263909,8
Sra. Ramona Casillas Alaniz,,XoL796kyW2Je,Sra.alaniz155,+56 9 0551 1002,29747876,1
Berta Bahena Ornelas,,8waQrILy,berta3512710,+56 9 5001 5244,14226181,2
Gustavo Rosas Balderas,,VoKm6oQE,,+56 2 7546 5469,,
,,9pVHVIauuV6I,mario3275776,+56 9 8071 9123,20966261,2
Salvador Dávila Camarillo,,8oL4aM9maWTC9Th,sadáca755,+56 9 0154 5968,23548900,7
Germán Alva Soto,,fk73QTCOX,Germánsoto477,+56 2 6336 5520,,
Ricardo Razo Matías,,AD70zKy08V,Ricardomatías319,+56 2 9845 8858,11918439,8
María Teresa Guerra Gollum,,YfcS8z6WGqC85YP,maría1147941,+56 2 2492 0123,27383098,7
Laura Rosales Serna,,IoP1MDKlF,Lauraserna329,+56 9 3336 6413,9976573,9
Agustín Carreón Carrion,,7mSWRMqOHKS4t,Agustíncarrion535,+56 9 1646 1286,22057830,5
Sr. Margarita Cadena Pizarro,,Zr5eFPaRKOwWEJx,sr.2347481,+56 2 1037 4748,6725063,K
María José Águilar Laboy,,LI46GE7jas,Maríalaboy889,,23562707,8
Sra. Leonor Montenegro Garibay,,cEpkwdXyMO7gR,srlemoga928,+56 2 5791 2725,3237959,1
Elsa Munguía Villaseñor,,O13WtnCGLMei,elmuvi847,+56 2 9063 1563,28980564,8
Sra. Adriana Narváez Mora,,rBWdNw8DvY41sRbE,,+56 2 9171 3618,15553211,4
Benito Espinoza Beltrán,,C5FobClwTRVe,beesbe945,+56 9 3325 8600,,
Sra. Vicente Paz Véliz,,,sra.9134386,+56 2 4117 5058,23702052,9
Sr. Natalia Centeno Castro,,,Sr.castro731,+56 9 4255 3228,19239552,6
José María Jiménez Arredondo,,RFTDU0j1mM9qx1,Joséarredondo330,+56 9 0456 3678,22153466,2
María Luisa Herrera Casillas,,62XcpOw7Y,Maríacasillas210,,28218602,0
Horacio Viera Reyna,,7KeoBnW7v5OfY,hovire369,+56 2 4956 1692,28330884,7
Rafael Archuleta Rendón,,0inI0keT,raarre148,+56 2 4867 0833,2376890,9
Elena Gallegos Marrero,,o5obFSbhoc9o,elgama527,,20238214,2
Sr. Javier Acevedo Ceja,,kfiBaUG9mL0m,sr.153621,+56 2 3589 0951,23744270,9
Beatriz Saucedo Carrasco,,qrUvM6Ef3cGLTT7E,,+56 2 9223 7911,7249530,6
Rodrigo Valladares Cordero,,IXTp6joWPpIOON9,rodrigo4686905,,,
Miguel Ángel Saldivar Abeyta,,KL6ZXhXRqh8,Miguelabeyta463,+56 2 2140 6417,5529669,3
Ricardo Bernal Paredes,,Yioxr1j4yS,Ricardoparedes176,+56 9 4439 6243,-4011442,4
Sta. Soledad Cuellar Terán,,ZjqXNda5,stsocute436,+56 9 1250 1069,27169897,6
Virginia Fernández Terrazas,,YrIqci0txX,vifete807,+56 9 0895 9282,-18396463,1
Sara Canales Casas,,9Y2kPRDRlMTz,sara9369760,+56 9 6657 4455,25543697,K
Benito Rodríquez Saucedo,,FG0doTsQDig6d6k,benito6819355,+56 2 2754 0862,-14726749,5
Sr. Manuela Garza Laureano,,2i3EFUkGY,Sr.laureano564,+56 2 7616 9227,24826420,9
Jesús Garica Corral,,zYIoDiJSJ9m21,jesús6406739,+56 2 9350 0042,24677066,2
,,Z0I4o9ICFoj64iL,bezaco592,+56 2 8316 1805,12213607,8
Sra. Fernando Gaona Gamboa,,cfXQ5wNQkjC83wa,sra.8474676,+56 2 7236 4302,19601312,1
Ana María Ojeda Guerra,,LS6G7pUDML,anmaojgu640,+56 9 5078 0355,5604760,3
Sr. Cecilia Farías Romo,,aFzuDKy4N5qw3Bd8,srcefaro906,+56 9 8845 7081,6919868,6
,,UngodrE6MT,maría362881,+56 9 7183 8900,20805324,8
Sra. Agustín Serrano Mateo,,2vhtzv8GteM,sragsema394,,8877728,K
Martín Ozuna Rascón,,Qk10XTD1LWrvfeC,,+56 9 4543 9649,2482081,5
Cristobal Ramón Esquivel,,fepbuzix1qZR8,cristobal7240868,+56 9 4912 5575,28605594,K
Armando Rosas Quezada,,cVODGzSmAS7x96os,arroqu963,+56 9 1087 1568,,
Arturo Padilla Núñez,,8MGs3Sc7M1s,arturo7608275,,-10511508,3
César Delarosa Armijo,,mlO4KNkG0642Ha,césar7838188,+56 2 6313 8994,-13549788,6
Sr. Octavio Hurtado Valle,,g3WEM5mb7O,srochuva748,+56 9 0763 1762,11808339,3
Sra. Susana Cabrera Vallejo,,x9PHPbc3,sra.6388781,+56 9 7663 4235,3082606,K
César Cardona Carrera,,W1aLJbxxx,cécaca792,+56 9 3774 3251,28643896,2
Julio Gastélum Verdugo,,9DzLhB35MRB3,jugave647,+56 2 7832 2003,23437823,6
Conchita Gutiérrez Valadez,,BHD5XfILb,Conchitavaladez676,+56 9 2324 8428,26385621,K
,,WO81A3VUj,rosario7606135,+56 2 2992 1733,14859504,6
Olivia Mojica Villanueva,,nvyL6AOm5No6gg,olmovi193,+56 2 6771 6011,17803043,4
Sr. Marta Arredondo Avilés,,ske0OYEjU3ULyl,sr.6227609,+56 9 0752 3313,10757280,5
Sta. María Eugenia Cotto Zamora,,fS7tYCtEC,sta.4000810,+56 9 9261 2365,-10375221,3
Olivia Torres Partida,,r94H8aJ7ooQ6,oltopa684,+56 9 1070 8072,1947947,1
Jerónimo Duarte Rosas,,PLMpMokJhuanV43,jeduro923,+56 9 1113 4363,10956242,4
Adán Camarillo Rosario,,,Adánrosario617,+56 9 1006 4994,14385842,1
Sr. Rodrigo Elizondo Solís,,Oc0g5vHg3Qqh0,sr.7567441,+56 9 4308 9338,9648468,2
Rafael Alicea Valenzuela,,1l2SAqviGtzK,Rafaelvalenzuela881,+56 9 4171 0226,15920092,2
Sancho Narváez Bonilla,,PCRn92iC3xx,Sanchobonilla949,+56 9 8518 6213,27032589,0
Sta. Elvira Alarcón Mojica,,y4iqL30wDuV,stelalmo573,,4715876,1
Guillermo Saavedra Bernal,,uGkbB1Lza,,+56 9 4509 0702,,
Carlota Gutiérrez Gutiérrez,,uJ2QuXAag2,cagugu110,+56 2 0201 8532,27183144,7
Ignacio Esparza Ferrer,,u0ltanMX1TiV,igesfe877,+56 2 0120 5747,11647094,2
Rafael Nieves Meza,,RhOcki8WX8GWlPT,Rafaelmeza219,+56 9 9378 6125,23937659,2
Yolanda Narváez Hurtado,,761HwtEsu,yolanda8319270,+56 9 7239 6837,19859072,K
Gregorio Saiz Garrido,,ETCe9ThGnxD6,gregorio6584153,+56 9 9461 6239,8982561,K
Verónica Jasso Corona,,3ldCWqhg07,Verónicacorona508,+56 2 1592 6511,9255928,9
Manuela Mena de Jesús,,ARCaZSl63I0VI,Manuelajesús377,+56 2 5820 0991,15828995,4
Manuel Rodríguez Barrientos,,,maroba211,+56 9 0865 5313,22573125,K
,,,elgaga260,+56 9 7551 6292,9320212,0
Sra. Victoria Leiva Navarro,,5wKG1s16PlAEP,srvilena906,+56 9 0548 2625,472425,9
Juan Ordóñez Galarza,,9yq2zyZC,juorga925,+56 9 9186 2726,22667258,3
Rodrigo Lira Cortez,,gJ1gqploP7zJBepP,rolico565,+56 9 6708 8893,22379509,9
Irene Sanches Delgadillo,,rnNVL3uywz,Irenedelgadillo594,+56 9 9367 3602,20436569,5
Ángela Covarrubias Montez,,paEgQ4pGMI2seYc,áncomo980,+56 2 0961 8705,6368559,3
Sta. Sofia Pantoja Gómez,,MkMt36M2,Sta.gómez763,+56 2 9409 7574,29552606,8
Sta. Patricio Rosado Granados,,zWotVlVWvY0,stparogr200,+56 2 5996 7864,20926311,4
Octavio Fonseca Corona,,ze4P6E7942,ocfoco650,+56 2 4510 7797,27105379,7
Julio Valentín Delgadillo,,,julio3820568,+56 2 7479 7524,9417970,K
Miguel Ángel Canales Mendoza,,4oiyMpeg7QDo,miguel6338462,+56 2 6051 9638,12076234,6
Natalia Delafuente Palacios,,qSbuYZA45Yl5vQ1F,nadepa196,+56 2 6429 3762,,
Berta Ocasio Olmos,,VDtmmyr0ULysX,Bertaolmos354,+56 9 1494 8741,2518148,4
Homero Rojas Lucio,,tbIeNeg3o2MUl65I,homero3610247,+56 9 3439 1079,27092919,2
Antonia Urías Negrón,,IRB9i8LnCpj2tVkq,Antonianegrón842,,23635166,1
Patricia Narváez Samaniego,,uXSZaz9gteXI0e,Patriciasamaniego395,+56 2 6088 8608,26789751,4
Sara Espinal Curiel,,,sara7820622,+56 2 0938 0071,12683102,1
Miguel Carranza Aponte,,2FYPjOczPST6,miguel108115,+56 9 1324 1669,1921671,3
Sra. Patricia Mesa Ruelas,,QaZZVbD3DBskpm3,sra.2732590,+56 2 7691 1549,22963118,7
Nicolás Jaime Roybal,,rEZHrHC4Vt,Nicolásroybal268,+56 2 5601 4039,29130640,3
Concepción Villanueva González,,zDvEKdH0dw0UbnO,covigo611,+56 9 5054 6192,8290825,0
,,MecN3jbFbtHPd,razave834,+56 2 9430 6937,14196332,5
Sra. Guadalupe Garica Rocha,,LGqZvsdo26G9Ddpy,srgugaro202,+56 9 7052 7539,16622639,2
Patricia Rubio Portillo,,DvFHJdK0TJL4Xr,Patriciaportillo417,+56 9 9630 4335,-13668532,5
Pablo Palomino Téllez,,JllECipwYYg4w,Pablotéllez201,+56 2 7326 4848,25630780,4
Vicente Valencia Vanegas,,EyjIpI1IEgoCXC,Vicentevanegas615,+56 2 6812 1497,9344278,4
Sra. Armando Solorio Nájera,,UNr61rYI,Sra.nájera366,+56 9 2343 6162,29082088,K
Berta Raya Lerma,,4BkG1De7CyfM,Bertalerma350,+56 9 7847 4490,26657500,9
Horacio Mireles Serna,,gQJvIFz7,horacio6063766,+56 9 6968 7520,8378835,6
Alberto Botello Ybarra,,1pMj2qjoLruiWOx2,Albertoybarra333,,,
Susana Cervántez Rosado,,KPWYr3SfpKr,susana898698,+56 2 1451 6215,29417746,9
Laura Lucio Zambrano,,HXqg3cLHO61fsvAd,laluza907,+56 2 2515 3774,16485629,1
Isabel Saiz Treviño,,6GgbRs6Rqd1o,issatr266,+56 9 6528 4695,17584669,7
Emilia Noriega Gaytán,,bBWOQPwW4j9aptqU,Emiliagaytán197,+56 9 4318 0316,22064224,0
,,8QeGEwzW8,,+56 9 8862 2807,27441529,0
Gonzalo Treviño Cervantes,,0zwrzDJw3wllD,Gonzalocervantes866,+56 2 1786 5272,27697650,8
Isabela Merino Velázquez,,42r11EVH,Isabelavelázquez918,+56 2 4634 9752,24630729,6
Ramón Zepeda Salas,,78d0J1cOt4Yo,razesa320,+56 2 6340 8425,18182494,8
Sr. Irene Bañuelos Flórez,,EF8a4LkTqgkD,sr.5525289,+56 2 5851 3241,,
Rocio Valdez Vela,,Acxqd4GEx0,,+56 9 4077 5059,13346582,0
Emilia Valdivia Muñiz,,EEWjHUmQ9JHoaM6,emvamu528,+56 2 8367 3113,21828609,7
David Velásquez Villagómez,,Fhcv3ILH8k,davevi596,+56 2 7701 0906,13856940,3
Sra. Cristina Ramón Uribe,,uoUa8G8HdEO,srcrraur600,+56 9 7302 0966,21051187,3
,,uqC7m9gF,cecilia8775712,+56 2 3005 3820,,
Claudia Cervántez Reyna,,H1gpjVoRD,Claudiareyna621,+56 9 1030 3245,27839544,8
Marcos Olivera Perales,,7OppPMItl,maolpe349,+56 9 1535 8890,28039535,8
Sr. Ana María Arreola Barraza,,cDmFRcI3BxFI2mh,Sr.barraza293,+56 2 2354 7375,,
Alejandra Gamboa Casanova,,MKNz0uo3SC,alejandra677568,+56 2 8790 1193,8634292,8
Sra. Martín Atencio Heredia,,eDCkgVfP90,srmaathe239,+56 9 8412 9723,8670043,3
Gabriela Muñiz Medina,,hrxEolGXtj1Fhe,gamume147,+56 2 3967 2860,18693779,1
Sr. Juana Alfaro Serrato,,TdChOhq1rGB6zFi,Sr.serrato938,+56 2 9181 6314,6588479,8
Graciela Delrío Rentería,,b87fDo2IyAkLV,Gracielarentería407,+56 9 1599 3770,15637453,9
Rosa Gil Cedillo,,4Ovv38ave0zGIxa,rogice721,,27095051,5
María Teresa Delatorre Mota,,0RtmSX2616Nj4CNN,matedemo127,+56 9 9795 7956,-6786186,8
Sta. Amalia Olivas Ojeda,,CvACc2AiDA6PO,sta.7589331,+56 2 3826 4207,1840825,2
Rosario Angulo Trejo,,tyB71mxpS5wcYd8,rosario8400859,+56 2 6738 1702,18682222,6
Daniel Carrero Macías,,6iXwhsqqINDHnd2,dacama785,+56 9 6175 4384,26880186,3
Ramona Rico Madrid,,iEqwv9h2XVEn,ramona9196298,,6212710,4
César Serrato Delvalle,,9uWoaxCFvgT0A,Césardelvalle296,+56 2 8787 5698,22594889,5
Gilberto Ulibarri Salazar,,Zj8qHDu9d6NF,Gilbertosalazar631,+56 2 3124 3515,7726566,K
Jerónimo Alanis Villa,,7gwrRVqgF7mf,Jerónimovilla909,+56 9 0943 4693,3370282,5
Eloisa Estévez Vera,,UQdvYTv6b,elesve963,+56 2 6517 0870,15089149,3
Magdalena Ornelas Bétancourt,,tPVPLmM7Dmc,Magdalenabétancourt437,+56 2 3899 5279,4939906,5
Roberto Gurule Carbajal,,Cv70zOvFhjz45,Robertocarbajal418,+56 2 7828 4719,5920628,1
Raúl Méndez Porras,,yfm68rhIOz0V,Raúlporras379,+56 2 4950 7651,,
Alberto Delafuente Domínguez,,iGb47pLfhXPs7X,Albertodomínguez680,+56 2 1320 7237,1944620,4
Guillermo Aguayo Delagarza,,IEZeYV6TJn3NvN,Guillermodelagarza208,+56 2 6959 6759,15144181,5
José Emilio Magaña Carrillo,,6iYX2GErfPM,Josécarrillo441,+56 2 9029 4613,9764713,5
Lola Caraballo Solorzano,,s7yEOk3ndag,locaso323,+56 2 0026 3659,26885358,8
Sr. Patricia Mora Flores,,6j9DyhFTU9b8,srpamofl494,+56 2 4338 4504,2765255,7
Ignacio Hernandes Melgar,,X3nvBC4oq5kBaFf,ignacio3199287,,10834138,6
José Emilio Montañez Serrato,,wuU7gx9QH9f,josé1472373,+56 9 3353 4038,4090118,3
Sr. Guillermina Arias Almanza,,pYQMm0UeH,srguaral897,+56 9 8691 4285,13385757,5
Francisca Narváez Godoy,,5gpBEiI88C7BLnu5,francisca6292418,+56 9 2697 5549,20812986,4
Sr. Adán Mojica Carrion,,NKYMHBxRzt13bWe,sr.9921597,+56 9 5567 3232,23292161,7
Sr. Armando Romo Alfaro,,FKA1Dwgb,sr.1847883,+56 2 1093 1759,4718238,7
Concepción Jaimes Ramón,,Qw9wzQaYCu9H9v0Y,Concepciónramón873,+56 9 4052 5197,4965855,9
Federico Segura Gonzales,Federicogonzales535@edubus.cal,Vjj6aFZDzV2dV,,+56 2 1541 6895,,
Sr. Teodoro Rael Calvillo,,QXF8sbrC5ZNny,srteraca496,+56 9 2814 5764,18829839,7
Sta. Julio Olmos Guajardo,,A5lSXS7b,Sta.guajardo352,+56 9 3526 3295,-11868805,8
Sr. Bernardo Santacruz Canales,,tO7Nna7bZvv15XG,Sr.canales291,+56 9 1955 7308,17761054,2
Mónica Cepeda Salcido,,vK1m8TKi8WCw7VT2,mócesa746,+56 9 8704 2573,27038520,6
Ana Vargas Sisneros,,A78hP4FNNXzi,Anasisneros989,+56 9 5634 0194,,
Soledad Covarrubias Valadez,,a22a2RF6X9,socova698,+56 2 6021 2078,-14846482,0
Hugo Franco Jasso,,39rGAJrb7W2,Hugojasso404,+56 2 8475 6522,809850,6
Sta. Luz Arroyo Esquivel,,u3VxjJk1Zw,Sta.esquivel961,+56 9 3333 2946,22651976,9
Claudia Duarte Cazares,,xcJYbrBy3ss2U4bk,clduca235,+56 9 5301 2974,24940430,6
,,U31i8nSsftx12fS,dolores3254387,+56 2 0877 0294,18329522,5
Lourdes Soria Amador,,6XlOccCD,Lourdesamador267,,16616602,0
María del Carmen Velásquez Paredes,Maríaparedes646@outluc.com,7pBFv1iv4zd,,+56 2 2948 9493,10481144,2
,,,,,,
,maricarmen7666586@edubus.cal,NHcqrhrdKnKeL3z,maricarmen1891224,+56 2 9241 1198,8356729,5
Silvia Ayala Paredes,siaypa710@viajesanma.com,nfHIet8dE292,Silviaparedes473,+56 9 0288 4765,,
Alejandro Ramos Gálvez,alragá795@marmol.com,wtvcEf7ArJbXy,Alejandrogálvez870,+56 9 8179 0592,27334479,9
Ángela Berríos Alba,Ángelaalba718@viajesanma.com,aFQ1XeKP,ánbeal178,,9409857,2
Lucas Apodaca Ferrer,Lucasferrer412@outluc.com,5uNcM8ldmQ,Lucasferrer600,+56 2 2489 6344,17869014,0
Rosa Escobedo Delgadillo,rosa6148769@tourket.com,2thTGzi6tBz9T,Rosadelgadillo959,+56 2 7556 2507,24457716,4
Sta. Gerardo Lovato Cabán,Sta.cabán461@tourket.com,T2F3Tbcp,stgeloca434,+56 9 0220 9502,6048418,K
Verónica Casárez Rodrígez,verónica1481805@viajes.cl,mTBDOV3jNtNo0,vecaro880,+56 9 7472 6950,4122017,1
Graciela Cuellar Gollum,graciela1787859@tourket.com,PvV2CnLJjXF34fP,grcugo121,+56 2 8234 0344,-15785754,1
Micaela Mota Quiroz,Micaelaquiroz905@outluc.com,,,+56 2 2348 0368,-9859268,7
José Anguiano Ballesteros,Joséballesteros167@tourket.com,g89XkyYnk8aUEM,joanba351,+56 2 1174 2957,4498772,4
,,,,,,
,pabear838@viajes.cl,qnrGQab1M6s36eR,patricio2188655,+56 9 1315 4607,,
Marcos Leiva Zelaya,marcos9466158@outluc.com,a0R9JAxaWdTJ8Y,Marcoszelaya488,+56 9 9612 1282,29089183,3
Sta. Francisca Martínez Almonte,sta.6769137@viajes.cl,eryH7Rax5bQ,sta.9222158,+56 2 9890 8629,-4634667,K
Josefina Gracia Lira,josefina4470996@viajesanma.com,6qU184t3AWHE5,,+56 2 6845 3478,19243345,2
,,,,,,
Sta. Natalia Zúñiga Mena,sta.6650224@outluc.com,3irXYa1DAu,stnazúme376,+56 9 8021 5491,8303826,8
,,,,,,
Ester Guillen Vanegas,ester2119354@wass.com,J0A1rnALUJP,ester6905914,+56 2 7601 1564,,
Andrea Reséndez Guardado,Andreaguardado378@tourket.com,4LriTbO5dyo,Andreaguardado248,+56 2 2609 6392,7430795,7
Sta. Alejandro Gurule Tejada,Sta.tejada565@outluc.com,3IHuBu4Fr,sta.5630750,+56 2 3846 1135,-25507852,6
Sra. Graciela Solorio Ramírez,sra.8577415@wass.com,225vXeL3vKBLnR,Sra.ramírez837,+56 9 7993 2986,,
Sr. Miguel Pabón Corral,Sr.corral649@tourket.com,Hh9TjCZWfyZ,srmipaco388,+56 9 5411 3399,6780198,9
,,,,,,
Sta. Federico Cornejo Tamayo,sta.5614166@outluc.com,2IgRluqL6V16l,Sta.tamayo481,+56 2 0868 4215,20832027,0
Cristian Armendáriz Palomino,,eh95DlVFDFi,crarpa941,+56 9 6254 4281,1087863,2
,,,,,,
Alfredo Angulo Pabón,,OZcrtd2Pb7nQ15,,+56 2 7188 7032,21651457,2
Sr. Barbara Ochoa Bustamante,Sr.bustamante598@outluc.com,,sr.6086277,+56 2 4082 3139,28151776,7
,,,,,,
Marco Antonio Olvera Arroyo,marco9528241@viajes.cl,,marco3023533,+56 9 5843 0802,29241399,8
,Jesúshurtado122@edubus.cal,t0RrA4Z3QLuLzY5,Jesúshurtado934,+56 9 5356 0688,26389198,8
Sr. Yolanda Cuellar Camacho,sryocuca420@viajes.cl,VKCmDF5NbQr4,Sr.camacho939,+56 9 3090 5817,9524942,6
Octavio Véliz Guillen,octavio6319425@edubus.cal,vS6GokZeb0,octavio3079170,+56 2 9684 1420,1853001,5
Clemente Armenta Mojica,,20HRzMgxk1ea,clemente4213490,,16810929,6
,,,,,,
Leonor Estévez Zambrano,leonor8794107@wass.com,vCBPaRvMCvE1,leesza946,+56 9 3407 9503,22119107,2
Sra. Laura Maya Reynoso,srlamare942@wass.com,q5zQNOCVbxawVtGi,sra.2511196,,8739422,0
,Mercedesalmonte943@marmol.com,35mnmZ6VW,metoal329,+56 9 9498 5994,-19550427,K
María Eugenia Leiva Lucero,Maríalucero990@tourket.com,8Q95ItWAgbE,maeulelu268,,27295565,4
,miánelbu961@marmol.com,,Miguelbustos405,+56 2 5931 4292,18396189,6
,,,,,,
Óscar Contreras Ballesteros,óscar6641495@viajesanma.com,,Óscarballesteros726,+56 2 2909 3941,,
Sra. Dorotea Cabrera Rodarte,sra.5833903@marmol.com,q0m7s7IVFdjm,srdocaro168,+56 2 6556 7981,14207251,3
Antonio Rodrígez Castellanos,,,anroca904,+56 9 3815 5488,11697936,5
Sr. Gabriela Samaniego Armenta,Sr.armenta518@tourket.com,lMgnQoK54QtuD,sr.7334257,+56 2 1464 7662,21913760,5
Amalia Lara Portillo,,dGbfSVXyBsFR4,,+56 9 3573 9905,28154229,K
David Solorio Acuña,dasoac580@marmol.com,qPS7rFKxkznRF8,david1652991,+56 9 9362 3010,594749,9
,,,,,,
Julia Gonzales Alarcón,julia8587147@marmol.com,93ztmnbKJPl5,jugoal246,+56 2 0344 3174,-24841458,8
,srbegrqu492@viajes.cl,,,+56 2 9173 7110,24734476,4
María Eugenia Covarrubias Delrío,maeucode191@edubus.cal,0v3fiRwfW,maría1510295,+56 2 6933 9058,8106887,9
,,,,,,
María Rodrígez Robles,maría6872169@marmol.com,cJbqFH1lzDZbcIBD,maría3144736,+56 2 8446 4131,19537425,2
Germán Polanco Pelayo,Germánpelayo635@outluc.com,mQSj1tVpGtJ6L,Germánpelayo915,+56 9 3998 0907,9909216,5
Cristobal Flores Lozano,crfllo203@edubus.cal,,crfllo549,+56 9 4837 6314,8242596,9
,,,,,,
Juan Navarro Olivárez,juan8830456@viajes.cl,3hB084hC,juan9747337,+56 2 9594 3032,27371990,3
Clemente Aponte Carvajal,Clementecarvajal245@viajesanma.com,,,+56 2 4043 1795,,
Claudio Otero Verdugo,claudio5165940@outluc.com,0ebyEEk7ps,claudio3759129,+56 2 8556 9697,,
,,,,,,
Germán Mejía Cortés,gemeco374@viajes.cl,,germán6109912,+56 2 2596 3382,-25439824,1
Ramón Solorio Armijo,rasoar976@viajesanma.com,Pn14oIaTTDbb08,rasoar171,+56 9 5564 7790,3772707,5
Sta. Timoteo Barrientos Deleón,,9y3YQaxIKnoB7,sta.9532887,+56 9 8995 4016,19311922,0
Cristobal Delao Huerta,cristobal4759218@marmol.com,,cristobal5759710,+56 9 0193 2644,17402412,K
Santiago Abeyta Estévez,santiago253387@edubus.cal,HnFAn6LE,santiago1627383,+56 2 3681 1733,11275729,5
Mario Reséndez Esparza,mario6545832@tourket.com,ypOCnmm7CI,mario8353353,+56 9 8944 0333,,
Sr. Mayte Galván Cabrera,sr.9923211@tourket.com,yLpd4TmfwVZrviT,,+56 2 5886 8971,20946437,3
Sta. Jerónimo Zamudio Bueno,Sta.bueno636@viajes.cl,Zt30CWKmZm,stjezabu841,+56 2 4277 6475,9198608,6
Guillermina Santana Bravo,gusabr510@edubus.cal,KtZIwwT9U5,guillermina1911307,+56 9 0884 5695,4494513,4
Sta. Sonia Gamez Carrasco,,BcKjQEXkdWX5j74g,Sta.carrasco699,+56 9 4248 5128,18588469,4
Sta. Gonzalo Sánchez Chávez,Sta.chávez640@outluc.com,,Sta.chávez333,+56 2 3878 1482,9404831,1
Sta. Luis Miguel Terrazas Malave,stlumitema624@viajesanma.com,znDRzGYYx8yuuF6,sta.1847516,+56 9 4648 7709,28124156,7
Eva Carrion Maya,,,,+56 9 7660 7329,,
Lilia Araña Linares,lilia914103@wass.com,NZ76TlCOkIHU,Lilialinares356,+56 9 0960 7078,15643553,8
Sra. Samuel Nava Peres,srsanape502@marmol.com,QNrVA4bwSVvKh,,+56 9 3699 8912,23605967,7
Margarita Vallejo Flores,Margaritaflores968@marmol.com,3oXgxvASsU,Margaritaflores583,+56 9 6293 4937,17964994,2
Sta. Raquel Quiñones Villegas,Sta.villegas331@tourket.com,qGyunZUZAT1wQr,Sta.villegas660,+56 9 8734 6243,5795872,3
Eva Chacón Pedraza,evchpe183@viajesanma.com,eCP90TmkMO,Evapedraza673,+56 9 7985 2961,19244343,1
Lourdes Urbina Puente,lourpu923@outluc.com,1JY37jsYWy8NP4wc,Lourdespuente767,+56 2 0720 7714,,
Patricio Acevedo Ruiz,paacru281@marmol.com,FF1fBgo8,Patricioruiz339,+56 9 2861 9713,28918030,3
Eloisa Lemus Delao,eloisa2133965@viajes.cl,42GJiO3qy,ellede756,+56 9 3313 0238,3813390,K
Pedro Orozco Perales,pedro7959605@tourket.com,Z58eJcccx7hvw,peorpe490,,15283042,4
,,,,,,
Miguel Ángel Negrón Fonseca,Miguelfonseca151@viajes.cl,3yHHCowQd64xz8Y,miánnefo698,+56 2 7095 1206,,
Caridad Valdivia Ortiz,cavaor428@marmol.com,s1WxPWgADBS,Caridadortiz655,+56 9 1312 0074,19753649,7
,,,,,,
Carlos Montemayor Rosales,Carlosrosales796@viajes.cl,unndn74TQDYleA,Carlosrosales413,+56 9 4304 0055,24265028,K
Sra. Leonor Negrete Esquivel,sra.4771595@marmol.com,8ynspeNW,srlenees389,+56 9 4968 5040,11819379,2
,,,,,,
Roberto Leyva Pedraza,rolepe717@tourket.com,wl6jSoza0uAU,roberto3416537,+56 9 3443 8716,-13883870,6
Manuel Bustos Ayala,manuel2609542@viajes.cl,0b3Gkjjh1jxz8,manuel4089184,+56 9 9000 7932,20613388,0
,cresca507@viajesanma.com,Av4b0AbS9,cresca171,+56 9 1356 6894,1887226,9
Esperanza Mares Gastélum,Esperanzagastélum106@outluc.com,WiupeSQTe50ki,esmaga528,+56 9 8396 8380,9280067,9
Joaquín Valverde Armenta,Joaquínarmenta932@edubus.cal,,jovaar707,+56 9 3674 1539,28643008,2
Julio César Vaca Jaimes,Juliojaimes822@viajes.cl,MU77CyFX5,,+56 9 6588 4515,29633198,8
Dolores Miranda Granados,,bbzmsGv739Tc,domigr102,+56 2 3728 6781,3602216,7
Jerónimo Trujillo Montemayor,jerónimo3557882@outluc.com,zduK0wcKCm,jetrmo919,+56 9 9013 1573,-15910537,7
Enrique Alemán Heredia,,purSjBHD11,enrique2517893,+56 9 2335 9926,6399554,1
Sra. Irene Ávalos Gonzales,srirávgo776@viajesanma.com,,sra.9329521,+56 2 8870 8952,20348184,5
Armando Padilla Maldonado,Armandomaldonado855@viajes.cl,rat6hYwjh,,+56 2 5192 8775,,
Ángela Briones Atencio,ánbrat817@marmol.com,,,,-18449738,7
Conchita Loera Orellana,conchita7188143@tourket.com,,conchita8698724,+56 9 8900 4521,19370680,0
,pablo5088683@outluc.com,1NMVm2spZVC8eq,padere695,+56 9 7778 3211,20005574,8
Margarita Alonso Castro,,hWIPDn3u8FLJlGTp,maalca853,+56 9 5802 2754,23754129,4
Guillermina Frías Véliz,Guillerminavéliz425@viajes.cl,11s14dhG8eRai9a,Guillerminavéliz762,+56 2 7852 2397,6219101,5
Sta. Rocio Velásquez Garica,,5VMYq2gvB1O96k,sta.677650,+56 9 7896 5957,1574539,8
,subrqu744@marmol.com,isyZQpU9Kc,subrqu811,+56 2 5463 4260,8871854,2
,,,,,,
Eloisa Partida Agosto,eloisa1278790@edubus.cal,aYuqNqO5Kux,elpaag667,+56 2 1292 4830,7887552,6
Sta. Ana María Niño Adorno,sta.5648347@marmol.com,4g8OUeDWtt8,,+56 9 8634 8268,19256615,0
Carmen Melgar Adorno,carmen9488238@viajes.cl,Y3iUHqdm89ZZC,camead598,+56 9 5228 7582,358877,7
Roberto Olivo Caldera,Robertocaldera659@viajes.cl,bMQZig5CDzT6Gj,roolca559,+56 9 2636 1843,,
,gumebe955@tourket.com,joqbBZuw2t,gustavo9058628,,-17739011,9
Timoteo Maya Pizarro,Timoteopizarro971@wass.com,jgU9iiTG8wsRXP,,+56 2 3437 9571,1496458,4
Clara Fonseca Blanco,Clarablanco549@viajesanma.com,Vy5P6I0i,Clarablanco842,+56 2 4630 9996,21970661,8
José Eduardo Cornejo Ocasio,Joséocasio511@viajesanma.com,Pfk3Qgq97,joedcooc275,+56 9 3604 5033,1529083,8
Ana Luisa Corral Mares,ana8582626@outluc.com,xWJsPc6nFS2,ana4225821,+56 2 1027 4714,-19520083,1
María Luisa Terán Loera,malutelo499@tourket.com,n0NAS1zCfhtEzBG,,,,
,,,,,,
Débora Santiago Jaramillo,,5gARxKLD9,débora9634480,+56 2 2409 8118,,
Lourdes Zavala Jimínez,Lourdesjimínez985@viajes.cl,EnUU2AWWubiR,Lourdesjimínez627,+56 2 7333 5468,15229199,K
Sr. Nicolás Mares Paz,sr.6406297@viajes.cl,ehK5fTQeN6F,srnimapa962,+56 2 5152 1166,1577355,3
Miguel Rosario Mejía,Miguelmejía168@viajesanma.com,,miguel1011584,+56 2 7551 2182,7115898,5
Nicolás Baca Tórrez,nibató846@marmol.com,Jnl6PmXyZHPmFsW,Nicolástórrez487,+56 9 9375 2658,18915598,0
Carolina Jurado Villanueva,cajuvi986@marmol.com,moFLZ1pxk1cl5,Carolinavillanueva178,+56 2 5663 3871,2773545,2
Jaime Guevara Villegas,jaguvi499@viajesanma.com,rcWIln4tYyv,jaguvi454,+56 9 6181 1984,7504512,3
Sta. Francisca Martínez Olvera,sta.3684397@tourket.com,m3oL9QAhFZzu,Sta.olvera611,+56 2 6257 0272,,
Sra. Ignacio Montenegro Adorno,srigmoad631@viajes.cl,dQi8r2Ovy7AQK,,+56 9 3216 6451,2629886,5
Sr. Felipe Robles Sisneros,sr.6894983@wass.com,TTgNUjf2PTR4Z,,+56 9 3559 5189,12433165,K
Claudia Ávalos de Jesús,claudia2190479@outluc.com,GXY5jemV1,Claudiajesús329,+56 9 2989 1041,19945274,6
,bemega791@edubus.cal,jhKf85p38kY6,Benitogalarza104,+56 2 5801 2009,-5769309,6
Sofia Valle Briseño,sovabr481@outluc.com,vCAVWK4noIspp8RG,Sofiabriseño807,,-7917104,2
Catalina Olivo Alcaraz,Catalinaalcaraz270@tourket.com,9koljjRbJfALJ9,caolal970,+56 9 8181 1422,3539815,5
Sra. Vicente Acuña Concepción,Sra.concepción176@outluc.com,xJLy9y95RcOo,Sra.concepción718,+56 2 7940 4359,15399660,1
,,,,,,
Federico Trujillo Roque,fetrro362@tourket.com,rA1qggiPJ17u,fetrro461,+56 9 9871 4094,12813896,K
Miguel Hurtado Pérez,mihupé966@outluc.com,,Miguelpérez718,+56 9 4467 0448,287418,0
Francisco Vanegas Ávila,Franciscoávila759@wass.com,GhcF5hrWXT9p,frvaáv109,+56 9 5074 6470,8369968,K
,alfees578@edubus.cal,DA8A76r8clMDM,,+56 2 5608 8006,-21101107,6
Sr. Julio César Carrasquillo Gallardo,sr.8161428@viajesanma.com,Fvm5LtRR75Y,sr.2633556,+56 2 3445 4258,12777341,6
Rosalia Santacruz Chavarría,Rosaliachavarría168@edubus.cal,DJVpB155,rosach472,,12642657,7
,Luisaraña167@viajes.cl,v6dkYgkaY2zwJ82,,+56 2 1429 9000,29524635,9
,toquma393@viajes.cl,8wayZLBYj,tomás4587100,+56 9 8393 2445,19868050,8
Amalia Hernandes Naranjo,amhena219@outluc.com,Rt6Gi5qZgg,Amalianaranjo600,+56 9 3087 0812,6662978,3
Inés Alicea Vera,inés7084745@tourket.com,EDF1uWnpp4qJe,inés5556255,+56 9 9325 4537,27102585,8
Sra. Patricia Regalado Ulibarri,srpareul537@tourket.com,,srpareul807,+56 9 7282 6744,9417192,K
Laura García Castellanos,laura2478321@edubus.cal,dW9f6PO61XdH,laura6667975,+56 2 9129 1593,9302433,8
Mateo Hurtado Godínez,mateo688995@wass.com,3ISmH5opMN7g6c,mateo3384912,+56 9 8189 7350,,
Cristian Tovar Briseño,crtobr476@viajesanma.com,Zb3aLtpt,cristian6031496,+56 2 1551 6917,,
Pilar López Mata,Pilarmata943@tourket.com,X5HWb7MRB82j,Pilarmata389,+56 9 4110 2725,,
Fernando Guevara Tijerina,,Nh2G5ghd,Fernandotijerina339,+56 9 0882 3507,21389181,2
Gabriel Corrales Casárez,gacoca437@viajesanma.com,QLsbLjzX6,gacoca512,+56 9 9020 3706,25660512,0
,,,,,,
Sta. Gustavo Olivares Ruelas,sta.6474360@viajes.cl,kxsWK2kQ8P,stguolru281,+56 2 5821 7400,331832,K
Rafael Quintana Linares,rafael3265304@tourket.com,5r7NqQM4a,,+56 2 2254 1315,-5527139,9
Silvia Cortez Aguirre,Silviaaguirre528@tourket.com,,silvia7879600,+56 9 1618 8633,7328116,4
David Gálvez Angulo,david592704@outluc.com,,dagáan189,+56 2 2495 9612,19250702,2
,,,,,,
Agustín Corral Quezada,agustín6701648@edubus.cal,QJ2yIfdr,,,19417265,6
Rodrigo González Apodaca,rodrigo4810214@viajes.cl,,Rodrigoapodaca159,+56 2 9380 9141,7418311,5
,,,,,,
Débora Olivera Villagómez,déolvi874@outluc.com,sLOyB8yK9JqhPPB,débora8585229,+56 2 4733 8774,14218728,0
Daniela Briseño Villalpando,Danielavillalpando367@viajes.cl,,dabrvi950,+56 9 8335 4710,28196268,K
Roberto Cordero Sánchez,Robertosánchez319@marmol.com,IddhW1EGV,Robertosánchez539,,18758236,9
Nicolás Galindo Meza,Nicolásmeza899@edubus.cal,v66HQ7HH,,+56 2 0809 1028,4504652,4
,,,,,,
Daniel Leiva Collazo,daniel1491180@viajesanma.com,7oFFnoxQ,daniel7178389,+56 2 6836 1784,26173613,6
Ramiro Razo Laureano,Ramirolaureano860@viajes.cl,noB77SeBIH8rp,Ramirolaureano529,+56 9 3571 6484,,
,,,,,,
,,2BMewDEGUp7MNa3,maelcize560,+56 2 2019 0634,1351910,2
Jorge Valdez Rosas,Jorgerosas657@wass.com,XoLpJK1SP7jKAA2,jorge8569908,+56 2 7109 8732,-28143547,7
José María Archuleta Ocasio,josé3191110@viajesanma.com,vVIMzsTcBlHp14,josé7178849,+56 2 2514 2681,18743122,0
Francisco Quiroz Espinoza,frques693@marmol.com,f69jF4fMbY,francisco1652584,+56 9 1007 1869,23294474,9
Francisca Cavazos Montoya,,,francisca9808198,+56 9 8581 5355,-16590866,K
Ana María Badillo Uribe,,Wf1Bllr8eWXp,ana9921646,+56 9 9582 2455,-3799475,8
Sra. José Olivárez Zavala,Sra.zavala806@edubus.cal,nb5AHp7b,Sra.zavala869,+56 9 1923 0767,11333317,0
Sra. Lorenzo Cardenas González,,z3gvMEusBL7,Sra.gonzález918,+56 9 6449 1873,24272216,7
Marta Pulido Urrutia,Martaurrutia521@viajesanma.com,6HyBzFAjb4csA60,marta5680556,+56 2 3757 2352,7770542,2
Martín Rosas Razo,Martínrazo938@tourket.com,KP3S0SmX2Jk,marora578,,25830908,1
,Maríaontiveros265@outluc.com,TRXQhqv1u,maría4698821,+56 9 8411 1714,12015489,3
Sra. Carlos Casares Zamudio,srcacaza999@viajes.cl,EO1ihQNDE47YdBI,sra.9124194,+56 9 9818 2706,,
Santiago Salazar Beltrán,Santiagobeltrán904@wass.com,KgE0Ww0Bq,Santiagobeltrán103,+56 9 8577 4018,11032862,1
Ariadna Garrido Bernal,argabe875@marmol.com,rbbJa573B,ariadna5518551,+56 2 4707 3635,,
Sta. Dolores Casas Becerra,sta.1348576@outluc.com,ZzihXh38,sta.8166439,+56 9 1151 1913,20508090,2
Alfredo Estévez Alonso,alfredo5112229@viajes.cl,,alesal851,+56 2 8627 6053,16658731,K
Caridad Roldán Suárez,,oT2peydQI,carosu702,+56 9 5504 1410,23969229,K
Silvia Cerda Caraballo,,4Pv0rgDEsVF,silvia5319943,+56 2 5964 2581,23030103,4
Sta. Catalina Vélez Botello,stcavébo386@wass.com,bD9eXfkz5my,sta.4493845,,7566393,5
Sta. Arturo Canales Marroquín,starcama253@wass.com,dvXU8Nqbrs0DeOR,sta.6312202,+56 9 5894 5624,16829534,0
Sr. Fernando Negrón Burgos,sr.9387177@viajes.cl,4HMHU4mEG,Sr.burgos144,+56 9 1944 2824,24619719,9
Sta. Homero Aragón Macías,sta.7893328@viajes.cl,37Q5MSfLN,sthoarma844,+56 2 3553 9161,8377879,2
Sra. Andrés Barragán Caballero,sra.3998257@viajesanma.com,,sra.486330,+56 2 2637 5362,4523880,6
Florencia Griego Jaime,flgrja317@viajes.cl,odqfdKHZ0m,,,2383206,2
Octavio Delafuente Santillán,octavio917278@viajes.cl,f76bPikJDfQ0g2OP,Octaviosantillán507,+56 2 1296 5089,21739741,3
,Estebanjiménez364@tourket.com,dQTxLOMYtq5MSY,esteban3749203,+56 2 5647 1715,,
Sara Aguilera Serrano,saagse120@tourket.com,VN78j41dLJ,saagse879,+56 9 6849 1297,13069617,1
Lola Cardenas Acevedo,locaac619@tourket.com,yNXYuWY15hS,lola8376393,+56 2 4661 1739,24406211,3
Lilia Collado Rosas,licoro858@edubus.cal,H0t0foxl,lilia1577861,+56 2 8094 1132,12310516,8
Enrique Banda Pantoja,enrique8963146@viajes.cl,orcmdBq8Q,enbapa739,+56 2 2262 2112,,
Virginia Delarosa Caballero,virginia2661573@tourket.com,IYKVnhCPcOn586t,virginia4178533,+56 9 2160 5017,26761269,2
Ignacio Garrido Barrera,Ignaciobarrera916@wass.com,X1sXfjjsAmqReGaJ,iggaba322,+56 2 6319 1054,26336754,5
Lourdes Alarcón Longoria,loallo917@marmol.com,,,+56 9 4441 6729,17706919,1
Marco Antonio Heredia Toro,Marcotoro670@outluc.com,cEXAWQ7n1KAesTjH,,+56 9 9338 2971,23132004,0
Diana Rascón Farías,Dianafarías798@viajes.cl,95PqjZgSYjoVc0r0,Dianafarías768,+56 2 8008 0799,27803491,7
Julio César Mares Loera,,eSiqoDO6wsUe,jucémalo655,+56 2 9567 2698,-15236405,9
Carla Valdivia Araña,,Wv0ZS20i,cavaar863,+56 9 9373 1802,16069450,5
Sr. Rosalia Monroy Yáñez,srromoyá724@viajesanma.com,5ZOC5MwOGLV4n,sr.1738765,+56 9 9329 3740,23181324,1
,,,,,,
Amalia Zayas Orellana,,utWrWoF3bL0Q2PR,Amaliaorellana652,+56 9 1326 5411,23021465,4
Clemente Malave Granados,clmagr532@viajes.cl,8YB3uDYuESqN5g,clmagr638,+56 9 1727 4361,27841724,7
,,,,,,
,saarec726@outluc.com,bjn0loZJ,sara3644140,+56 9 1085 5800,16570401,0
Alberto Candelaria Tejada,alberto1905433@edubus.cal,Rq5yv3IZZk,alcate181,+56 2 0032 0663,21063777,K
,,sFkCkFc5x,gogiad530,+56 9 2560 7728,18175891,0
,,,,,,
Guadalupe Acevedo Camacho,guadalupe9639467@tourket.com,0stknOhT,guacca511,+56 2 3471 5319,,
Sra. Lourdes Bustamante Domínquez,srlobudo327@viajesanma.com,AAw3mtpT5iP2kY,sra.6692734,,2807714,9
,elcece245@marmol.com,EmR8GZ6s3C,Elviracepeda320,+56 9 0427 3579,11482976,5
,,,,,,
,,,,,,
José Luis Bétancourt Saldivar,josé8124366@outluc.com,UW8bgb3QKY,,+56 2 1246 6450,29041862,3
Gilberto Burgos Hidalgo,gibuhi919@wass.com,rXYmmfre6t9nF,,,16039462,5
Rosalia Apodaca Espinal,Rosaliaespinal416@outluc.com,m2U0Mcg7tG,roapes895,+56 2 8532 2297,20099327,6
Sta. Jaime Espinoza Suárez,stjaessu577@edubus.cal,u9DJE8wAr,sta.1876648,+56 2 0672 4596,12618162,0
Eduardo Hinojosa Narváez,edhina669@viajesanma.com,7nQv1fFQuycrz3W7,Eduardonarváez123,+56 9 2034 0812,-11163276,6
,,bHX6rrrvOkaYPS,,+56 2 5992 3821,14147367,0
,Sr.guerra570@viajes.cl,xd1N6DQOe7hH6,srdivegu514,+56 2 7358 4686,27147874,7
Sra. Alicia Gamez Lugo,sra.8832399@viajesanma.com,1lSKKZqqsFCCQR,sra.5886121,+56 9 5653 0090,13885545,7
Octavio Jaime Gallegos,Octaviogallegos933@tourket.com,Dj9UkO6pj,Octaviogallegos332,+56 9 4184 9143,13271785,0
Andrés Sepúlveda Sedillo,andrés6213400@viajes.cl,L8QeHhH4,andrés1072666,+56 9 4801 6301,3636118,2
,,,,,,
Lorena Olmos Granado,Lorenagranado808@viajes.cl,g7ggyjKoUQO81n4R,Lorenagranado570,+56 9 3755 3028,,
Sra. Víctor Chávez Atencio,sra.2800815@wass.com,NAMsAr8bfL,srvíchat243,+56 9 7338 6037,14061880,2
,humaca291@viajes.cl,ZPpAK9Iv,hugo1102194,+56 2 1594 3099,27025853,0
,,,,,,
,,,,,,
José Eduardo Cavazos Aguayo,Joséaguayo991@viajes.cl,Q1t0tU6r,josé6562661,+56 9 2560 7092,25414294,8
Sta. Timoteo Carrion Pedroza,sta.8763316@tourket.com,B1JVNmWGIX9LYJd,sta.3425621,+56 9 4363 1139,,
,,,,,,
,,,,,,
,luis5325291@viajesanma.com,8NIaccQPGcpex4,luis8160580,+56 2 5936 8693,25109446,2
,,,,,,
Sra. Ana Morales Acosta,,jbaeV9Cgp,Sra.acosta828,+56 9 2502 4463,29978025,2
Alfredo Hernandes Benavídez,Alfredobenavídez720@viajes.cl,Fm8mi00EdQlNxa0L,alhebe227,+56 9 8736 9625,23921538,6
Gabriel Otero Concepción,Gabrielconcepción497@wass.com,,gabriel1090263,,15576968,8
Alberto Arreola Urbina,Albertourbina668@outluc.com,ScNbS3rjmq2BpXHY,alberto4566786,+56 9 0317 5733,,
Luz Alonzo Briseño,Luzbriseño529@viajes.cl,RdiM7BDaz4,luz5689588,+56 2 9450 6884,-21206771,7
Elisa Batista Escamilla,Elisaescamilla453@outluc.com,dcNLMSW7r9zrj4p,Elisaescamilla933,+56 9 2651 7540,,
Ana Luisa Vásquez Adorno,Anaadorno127@viajes.cl,nLU8zO8I9ERuV,ana5696642,+56 2 4812 1550,-27745545,5
Raquel Canales Medrano,,HT0fdmFuoM,Raquelmedrano838,+56 2 6398 4994,10212547,9
Anita Orellana Solorzano,,gsUVTFb8lGaGVB,Anitasolorzano694,,25669482,4
,,,,,,
Jorge Luis Rosas Osorio,joluroos644@wass.com,5JNjonwwG,Jorgeosorio609,+56 9 7561 9038,16467568,8
Sra. Ana Castellanos Saldaña,Sra.saldaña995@tourket.com,QlEBFBSsw92,sra.1810813,+56 9 2240 2722,3266693,0
,,,,,,
Luz Cantú Alcala,luz8264695@tourket.com,7Bte4FQQVae4Y4Mb,Luzalcala457,+56 9 0350 8290,,
Julio César Porras Armas,Julioarmas913@edubus.cal,,julio7979292,+56 9 5884 7709,16168499,6
Gabriela Vega Alcaraz,Gabrielaalcaraz113@marmol.com,j6R0sYdUz0g2gZF,gabriela4378903,+56 2 8588 5365,10036640,1
,Estergil582@marmol.com,t87WTj1GeKV8,Estergil181,,26450165,2
Armando Pichardo Bueno,Armandobueno823@edubus.cal,NniTBqGm3T9WN,Armandobueno485,+56 9 8385 6136,28593702,7
Sta. Timoteo Chacón Negrete,sta.7294406@viajes.cl,g856YRf0ndcAhYl,sttichne527,+56 9 4855 7030,-18926939,0
Sr. Miguel Ángel Gutiérrez Cerda,Sr.cerda516@viajesanma.com,yzrZZ4xX,,,6041825,K
Sta. Felipe Cervántez Tejeda,stfecete911@outluc.com,XE83WDh3,sta.5656640,,26987138,5
Mario Campos Águilar,mario7435376@tourket.com,rFgLWqqC0nUVd2yD,,+56 9 8299 8494,23217588,5
Sra. María Soledad Delgado Escobedo,Sra.escobedo507@marmol.com,vG4tkA9Um,srmasodees874,+56 9 7171 5879,27268998,9
Pablo Barrientos Zayas,pabaza588@tourket.com,S2XAkNS2u00eazy,Pablozayas833,+56 9 5303 6476,13572029,1
,,,,,,
Patricia Fuentes Murillo,Patriciamurillo128@tourket.com,maa1HX2dEk4KwY,pafumu878,+56 9 6266 6613,6480887,7
Luisa Valentín Peralta,Luisaperalta279@wass.com,,luisa7159691,+56 9 3227 6861,21237141,6
Rosalia Farías Mireles,,Lh0oFbVBt,rofami908,+56 9 9361 7834,15796857,2
Magdalena Carrillo Cavazos,,,Magdalenacavazos509,+56 2 3763 6217,3181716,1
Silvia Abrego Bravo,,,silvia7555509,+56 2 0744 3152,-17437313,2
Olivia Orozco Pagan,Oliviapagan786@wass.com,5OIS62Ja7cScska,olorpa425,+56 9 9820 4283,11574555,7
Sr. Sancho Collado Nava,srsacona119@viajes.cl,UOTy7aVm,sr.2170605,+56 2 3046 8016,1476670,7
Sta. Jerónimo Tirado Longoria,stjetilo156@viajes.cl,9DjfEmD2oJAF,stjetilo487,+56 9 3509 8480,19394301,2
Adriana Centeno Niño,adriana1757297@wass.com,,Adriananiño491,+56 2 8947 7899,16675155,1
Sonia Arriaga Pineda,Soniapineda919@outluc.com,J8mitk5FikD4lCB,,+56 9 4123 1804,13170941,2
Miguel Ángel Olvera Hernandes,Miguelhernandes767@viajes.cl,y3cxBmxa,Miguelhernandes834,+56 9 3535 2390,,
Ramón Zavala Patiño,Ramónpatiño136@viajes.cl,BWlnhhjmWw07wP,,+56 2 5018 7724,-8583598,K
Horacio Alemán Espinal,horacio9560543@viajes.cl,AnNkjoE0L,,+56 9 3301 6322,-23462081,9
Sra. Manuela Cabán Lucero,srmacalu272@viajes.cl,1oluRQuC,Sra.lucero168,+56 2 8668 5707,,
Sr. Hernán Ponce Padilla,sr.8593595@viajesanma.com,Os9omLUNRh2T,sr.6641884,+56 9 5045 9979,24166236,5
,,,,,,
Luis Alfaro Rodríquez,,STGbPfIt74dv,lualro551,+56 2 4912 7191,21380310,7
Jaime Pabón Mena,japame454@viajes.cl,C3C5ksgU,Jaimemena427,,21045080,7
Sta. Lola Fajardo Bañuelos,Sta.bañuelos977@viajes.cl,MJFl7hjh01eQW4,Sta.bañuelos701,+56 2 8279 4445,25793995,2
,,,,,,
Amalia Alaniz Zelaya,amalia8748810@viajes.cl,aP07a1hy2rkTM,amalia4786348,+56 2 4420 9506,10085267,5
Octavio Morales Delafuente,Octaviodelafuente305@viajes.cl,3rMfBQOjnc,ocmode184,,286295,6
,,,,,,
Rubén Mascareñas Maldonado,Rubénmaldonado188@wass.com,tgA0T0hvv,rumama856,+56 2 0646 5616,-13180048,7
Rosa Raya Balderas,Rosabalderas919@tourket.com,1Nnckzz9NorE,Rosabalderas585,,9591805,0
Mariana Valle Ortiz,,sxyKTOp5ZLJkl,mariana3548734,+56 2 6301 7576,7294907,2
Sta. Francisco Ledesma Galindo,stfrlega769@viajes.cl,qY72M3ua,sta.5931727,+56 9 8370 0870,12377437,K
Alfredo Ferrer Quintero,alfequ786@wass.com,AyhVNLM4PoL,Alfredoquintero841,,9830977,2
Sta. Rebeca Villaseñor Soliz,streviso334@viajes.cl,u31J6rGNEawPXB1k,,+56 2 4019 4664,18739123,7
Jorge Araña Lozano,,UG7mn1C5P,Jorgelozano498,+56 2 7529 7341,-25886934,6
Ricardo Tórrez Alva,Ricardoalva341@tourket.com,,ricardo6731529,+56 2 0599 8788,22557794,3
,,,,,,
Sta. Marilu Valles Espinosa,,H8rv1OdKlrM,stmavaes909,+56 2 5252 2862,28429309,6
Marisol Gómez Rojo,marisol4441568@edubus.cal,XNbB5o09Jh4IQYo,magóro698,+56 9 8312 0311,18278583,0
Jesús Galindo Galindo,Jesúsgalindo553@viajes.cl,j7WQ1f7PKN,jesús2329280,+56 2 3045 5152,28262508,3
Mateo Cortez Enríquez,Mateoenríquez341@tourket.com,HeT8pBtrFi3py1H,macoen727,+56 9 9664 6561,14148680,2
,,,,,,
Julia Osorio Concepción,Juliaconcepción939@wass.com,hBKVUPhoKBt3,Juliaconcepción710,+56 2 5149 0315,13743803,8
Víctor Holguín Quiñónez,Víctorquiñónez747@outluc.com,,,+56 9 1386 0945,,
Esteban Zepeda Camarillo,eszeca999@viajes.cl,KthRkuLYXeR90,eszeca737,+56 9 7187 0875,5451065,9
Martín Delrío Patiño,madepa387@marmol.com,,Martínpatiño856,+56 9 0333 5879,-10001981,7
,alyábu227@tourket.com,rzdH3okL9eZcJ,alyábu673,+56 9 7564 9770,1617128,K
,emilio2530805@viajesanma.com,9dJygijVE2,emcual759,+56 9 0182 7230,9234880,6
Carlos Arenas Barrientos,Carlosbarrientos319@outluc.com,Ztni90e0,,+56 9 7131 9834,26161802,8
Sta. Beatriz Lara Lucero,Sta.lucero377@viajes.cl,0pHKTXyp8gJb8Mv,stbelalu544,+56 2 6213 2284,22939368,5
,,,,,,
Sr. Vicente Olivárez Guevara,,VN57XO06Eqp4,srviolgu649,+56 2 1656 8473,26718362,7
Nicolás Arenas Porras,,VFGFS4oh34T,nicolás9015820,+56 9 4308 7775,7428423,K
,stjopoal797@viajes.cl,0neP3gdNPVKhp,Sta.alarcón421,+56 9 0860 1645,2910968,0
Sra. Mercedes Echevarría Olivárez,,O8w1qIdZbi,Sra.olivárez447,+56 9 7512 4760,25955604,K
Andrea Briseño Trujillo,Andreatrujillo333@viajes.cl,vc4X0BM0T0,anbrtr409,+56 9 3529 5477,5804167,K
,,,,,,
Sta. Mario Muñiz Borrego,,TRWXNeO21D9PJsm,Sta.borrego229,+56 9 6422 5207,5674035,K
,,,,,,
Maricarmen Palacios Padrón,maricarmen6666109@outluc.com,,mapapa993,+56 9 3055 3935,23259078,5
Sta. Conchita Ruiz Narváez,stcoruna141@viajes.cl,nKBFsT3o7jegv,sta.343779,+56 2 9413 6836,3797998,8
,,,,,,
Diana Núñez Barajas,diana2279787@edubus.cal,8eN618HeKCS9H8m,diana7011175,+56 2 9658 6729,11216515,0
Mariana González Granado,mariana1997804@viajesanma.com,,,+56 9 5929 8802,18106308,4
Hernán Espino Viera,Hernánviera459@edubus.cal,,Hernánviera893,+56 9 6310 4405,10217875,0
,,,,,,
,joluávju208@edubus.cal,BNNOA4Rzi,Joséjuárez355,+56 9 7788 4049,21133646,3
Gregorio Bonilla Feliciano,Gregoriofeliciano417@tourket.com,liXMwR40,gregorio5954602,+56 2 0804 0514,,
Victoria Valenzuela Badillo,victoria271239@viajes.cl,nNEwG9kBwVODMaPo,victoria3137587,+56 2 6773 1553,12243504,0
,,,,,,
Amalia Maestas Córdova,amalia5393784@outluc.com,hU4It6AeDEP,ammacó247,+56 2 4602 5499,501074,8
Sra. Joaquín Melgar Cavazos,srjomeca273@marmol.com,9BjSKGFhSvoBAh3,srjomeca796,+56 2 5077 6171,12064129,8
Claudia Apodaca Delgado,claudia3864958@marmol.com,,claudia9435125,+56 9 6524 3298,28262967,4
Juan Carlos Verduzco Granado,Juangranado636@outluc.com,OkSK1QHmmpEkD,juan6588656,+56 2 8799 9527,22820082,4
Lourdes Ríos Jaime,lourdes6422863@viajesanma.com,bi5St78deHAPAP,,+56 2 0422 1844,3867770,5
,,5lRk03GUvHURo5,liatco286,+56 9 7547 7640,20865163,3
Sta. Francisco Zelaya Alvarez,,lJi0jlKkZ568DHK,sta.7881582,+56 9 2690 6011,5831732,2
,,,,,,
Sra. Ramón Quintero Rodríquez,Sra.rodríquez838@marmol.com,,srraquro351,+56 9 0359 8625,6516431,0
Isabela Lerma Barrera,Isabelabarrera904@viajes.cl,SjDeSF28mhfjsCQg,isabela9270969,+56 9 2267 8228,5541032,1
Sra. Alejandra Paz Griego,sra.7140916@viajes.cl,HoL8ZP0xElzDOiIT,sra.7469780,+56 2 0308 6254,19208730,9
Jerónimo Arreola Marroquín,jearma770@tourket.com,XaNlta2w,,+56 9 6907 3040,-15032279,0
Sra. Débora Nieto Sedillo,srdénise164@marmol.com,jPjILqUaFxuy87z,srdénise944,+56 9 9488 1694,2375680,3
Graciela Arriaga Vigil,grarvi741@outluc.com,A4h2o5Yxwg,,,2709560,7
Ramiro Cerda Benavídez,ramiro9519272@viajes.cl,GruRHgR47kj7yAb5,racebe427,+56 9 5516 1556,,
Elsa Dávila Henríquez,Elsahenríquez197@marmol.com,Yz7YEvwejOSIcq3c,Elsahenríquez570,+56 9 7642 3509,18408904,1
Sta. María Griego Quintanilla,Sta.quintanilla963@viajesanma.com,ddytyGzpD4EPt,sta.7580743,+56 9 0998 0655,3390544,0
Sta. Lourdes Balderas Valenzuela,Sta.valenzuela184@viajes.cl,k8bPOhOcdm0,sta.457215,+56 2 8143 1700,13230651,6
,,,,,,
Cecilia Preciado Aparicio,cecilia7269936@viajesanma.com,,ceprap631,+56 9 0872 6940,5044903,3
Mariano Ávalos Botello,mariano127868@viajes.cl,ulM3lmWsXz6U3r,,+56 2 6000 2697,25252709,5
Magdalena Carrillo Ureña,macaur888@viajesanma.com,qNZVFHP9z,magdalena7224302,+56 2 1884 8281,-15839854,0
,,,,,,
Sta. Débora Porras Henríquez,sta.9055871@edubus.cal,r1jHY0qHGt5,Sta.henríquez371,+56 9 6419 8202,3509575,6
Hugo Banda Montez,hugo989362@viajes.cl,kivUrVB0fmcQlqb,hugo1623978,+56 9 0721 2967,8139418,0
,,,,,,
Sr. Federico Reynoso Hinojosa,sr.7235416@wass.com,894utlFKIVi6nc7C,srferehi868,+56 2 0552 4284,,
Sra. Alberto Robledo Frías,sralrofr303@viajesanma.com,Fs89fvHNF5,Sra.frías695,,,
Raúl Campos Cedillo,racace847@viajesanma.com,Ho3PMC8Qp4ink,Raúlcedillo183,+56 2 4083 6789,11422184,8
,,,,,,
Lucia Alcántar Laureano,lucia7493903@viajes.cl,JHhLC2An9tGqzPF,lucia5302389,+56 2 4343 8931,-24786896,8
María Barragán Tamez,maría2395412@outluc.com,d6qmXPeOT,maría6112244,+56 9 7531 7870,670584,7
Horacio Leyva Villa,horacio8321895@wass.com,REfl1dCFfp9Z,horacio1669569,+56 9 3808 9253,-25105143,7
Rosalia Pichardo Negrete,,LloNOPi111nz,rosalia6319299,+56 9 2585 8186,-10824865,3
Lola Castellanos López,localó436@edubus.cal,E40zsUKFt,lola6428328,+56 2 3773 8291,631965,3
Sra. Manuela Baca Batista,srmababa946@wass.com,BjJQSrM3nrI,sra.3356886,+56 9 2937 8645,9671471,8
,,,,,,
Sta. Micaela Cintrón Cabrera,stmicica198@marmol.com,,sta.3880490,+56 9 9201 9929,15678506,7
Daniela Valladares Díaz,,o8KH6p3Qw2LD,davadí152,+56 9 9390 2406,5804017,7
Sta. Daniela Carrera Esquibel,sta.6908701@wass.com,OPUhCc7G2mfyL,stdacaes271,+56 2 8760 8953,,
Sr. Mateo Montes Negrete,Sr.negrete631@viajes.cl,OnCOAjo5PuDU0Sd8,,+56 2 6341 0577,12565531,9
Concepción Acevedo Sepúlveda,concepción766750@viajes.cl,BErGK3dTQ,concepción8426335,+56 2 4300 1099,18390422,1
,,,,,,
Sra. María Eugenia Valles Preciado,,KsogGt9eAs6oa,srmaeuvapr173,+56 9 7571 0599,5080648,0
Andrea Madrigal Zúñiga,anmazú491@edubus.cal,cZ3YuLuIAxql39,Andreazúñiga585,+56 2 6738 2406,4818756,0
Jacobo Bustos Frías,Jacobofrías208@wass.com,aOU0kBP0uaitrs,jacobo1776974,+56 2 2711 4573,,
,,,elvira9098828,+56 2 7165 0718,4289619,5
,,,,,,
María Eugenia Tejada Rascón,Maríarascón933@tourket.com,qW0UZCF7t,maeutera120,+56 9 4617 9166,3479928,8
Andrea Cruz Garza,andrea2042333@outluc.com,GA1iCaBy,andrea3368710,+56 9 3174 2194,-13192430,5
Eva Escobedo Carrero,eva6365391@outluc.com,BFu2QcNw9UWP,evesca219,+56 2 3634 4713,6014724,8
,,,,,,
,,,,,,
Susana Luevano Cuellar,Susanacuellar663@outluc.com,zjqjPyCwI1,Susanacuellar435,+56 9 5628 6408,24517779,8
,bldevi570@tourket.com,wdP8RIsO6q1vQo,bldevi943,+56 9 3843 7815,2807484,0
Adán Botello de Jesús,adán1013962@viajes.cl,hTA2AXcpeBcrW,adán3452825,+56 9 8745 0899,15313970,9
Miguel Ángel Collazo Laureano,miáncola665@edubus.cal,bbMvfiL3FlO0X,miáncola595,+56 9 7715 5213,2245073,5
Sta. Ricardo Tijerina Vallejo,stritiva170@marmol.com,umRyiqM8McXh,stritiva593,+56 2 0014 5333,,
Víctor Castro Tejeda,Víctortejeda438@viajes.cl,uU0xeouYU,Víctortejeda564,+56 9 6083 7988,,
Jorge Cedillo Villalobos,jorge8296732@viajes.cl,,jorge7937169,+56 2 2621 5741,18342187,5
Carlos Arreola Riojas,Carlosriojas590@viajesanma.com,,caarri160,+56 2 0722 3330,1557375,9
Salvador Razo Sisneros,Salvadorsisneros837@viajes.cl,TWWpai8Ahy06L,Salvadorsisneros277,+56 9 4555 4027,15776272,9
David Holguín Estévez,Davidestévez480@outluc.com,U02vR0KsiNZvB,,+56 9 8817 8930,13990475,3
Julio Arce Roldán,Julioroldán951@outluc.com,ctPM2n8l8,Julioroldán816,+56 2 5833 7602,19381732,7
Dorotea Gamboa Rivero,dogari515@viajes.cl,,Dorotearivero991,+56 9 6703 0456,14439471,2
Benito Araña Matos,,GMHY5XDdMDs,bearma838,+56 9 7830 4724,29877605,7
Emilio Zarate Velásquez,emilio6419129@viajes.cl,BH86ZB3Bcr0,emzave871,+56 9 3305 5252,9693577,3
Guillermina Carreón Sanabria,guillermina8202874@marmol.com,ef6CJ44KKJoE2,guillermina3912279,+56 9 1964 0877,18377224,4
Ignacio Vanegas Olivárez,Ignacioolivárez206@marmol.com,pM30muOV8Vt3n9,igvaol380,+56 9 9062 2465,26598116,K
,benito1937907@viajesanma.com,jg3tkGYFU57Yh,benito2906321,+56 9 2932 0967,16955299,1
José Eduardo Zarate Espinoza,joedzaes177@wass.com,UDP70ilUve8oJt,josé5830195,+56 2 3781 1135,16791545,0
Carla Hernandes Grijalva,Carlagrijalva207@marmol.com,9Xry7MzpUTjUOcd,cahegr231,+56 9 6085 9993,14934078,5
Vicente Naranjo Gallegos,,uEdhEURHAR4nTw,,+56 2 5876 2661,9838842,7
Emilia Heredia Armijo,Emiliaarmijo452@marmol.com,GfCWX8cfl,Emiliaarmijo498,+56 9 1766 5945,29198666,8
César Badillo Hurtado,cébahu990@viajes.cl,5wW73OJr3QD27mSZ,Césarhurtado886,+56 9 0594 7201,27497468,0
,,,,,,
Gustavo Rosas Balderas,,VoKm6oQE,,+56 2 7546 5469,,
Magdalena Delgado Dávila,magdalena5113521@outluc.com,rI86ON890c,,,,
Teodoro Zaragoza Páez,Teodoropáez479@viajes.cl,hQvBwMEqg4,Teodoropáez140,+56 2 7939 2446,14648396,8
,sara5948197@tourket.com,43ATmtocEDkx7iK,Saraordóñez912,+56 2 8466 1222,,
Daniel Venegas Narváez,Danielnarváez240@tourket.com,94o6XCF1dKf,daniel9993279,+56 2 4795 7577,,
,esteban6674342@viajes.cl,rfJJt79Elke0,escama574,,13199645,4
Alicia Alfaro Velázquez,Aliciavelázquez168@tourket.com,JE0DfVmMPQ1prdUC,alalve400,+56 2 8629 6453,418219,7
Emilia Merino Tovar,emilia1770851@viajes.cl,PcpPUdzl8oK0UoJ6,,+56 9 5813 0076,16860359,2
Agustín Villalobos Salcedo,agvisa375@viajes.cl,0G6XajIW0h,Agustínsalcedo876,+56 9 2757 0960,8585371,6
,Sta.delacrúz958@edubus.cal,dPHhqzb7NgK,Sta.delacrúz619,+56 9 4854 7971,-23220835,K
Marcela Baeza Esquivel,mabaes817@edubus.cal,WgBRa7l4OeP,Marcelaesquivel589,+56 2 4440 1463,17113030,1
Lola Menéndez Mena,lola9542736@outluc.com,RgM0B5CXu,lomeme440,+56 9 2972 5551,16375586,6
,,,,,,
Víctor Iglesias Granado,víctor1250825@outluc.com,h42BmhZKQGhyPcS,víiggr924,,12893334,4
Armando Piña Miramontes,arpimi555@viajes.cl,WucSN5E9Bp3PSwI,,+56 2 6995 3090,17405030,9
Sta. Andrés Montes Lugo,sta.2491727@edubus.cal,u0W5Q0ExWzRCc,stanmolu475,+56 9 5325 9210,10541271,1
,,,,,,
Gustavo Godoy Paz,gugopa303@outluc.com,8roeZUBw48,,,18444251,5
Marco Antonio Gil Cantú,maangica654@viajes.cl,nyZNJeHo1c0,maangica434,+56 9 8484 7218,18961213,3
Sra. Adriana Narváez Mora,,rBWdNw8DvY41sRbE,,+56 2 9171 3618,15553211,4
,,,,,,
María Cristina Urbina Vélez,maría8303241@tourket.com,,maría8237934,,18107483,3
Arturo Avilés Ayala,aravay153@edubus.cal,,arturo437291,,25470070,3
Rafael Archuleta Rendón,,0inI0keT,raarre148,+56 2 4867 0833,2376890,9
Gerardo Dueñas Ortiz,geduor743@viajes.cl,AGLBk3Kx5,gerardo3150665,+56 9 7435 0074,18415185,5
Ignacio Farías Ordóñez,Ignacioordóñez826@viajes.cl,5dzkzkV0KNt,ignacio6396912,+56 9 1125 8771,18254056,0
Julia Munguía Colón,julia8270954@tourket.com,1pZY4p0a,julia873585,+56 2 4808 5090,24331115,2
Teodoro Caraballo Martínez,tecama375@viajes.cl,,tecama270,+56 9 1457 2920,,
Juan Valdés Velásquez,juan7056592@viajesanma.com,JgrD1rq5rPFVwb,Juanvelásquez593,+56 9 3040 9663,,
Francisca Páez Véliz,francisca1636647@edubus.cal,iJoAvtO7BHoWZZ,frpávé187,+56 9 4582 6808,9946318,K
Sra. Virginia Carrillo Marín,sra.2260743@marmol.com,wJwF0dZNaQ42w,sra.1260671,+56 2 1626 5031,2392533,8
Andrea Centeno Posada,Andreaposada220@outluc.com,QSQdhab6,andrea4949827,+56 2 3140 8466,18026451,5
,,,,,,
Sra. Fernando Gaona Gamboa,,cfXQ5wNQkjC83wa,sra.8474676,+56 2 7236 4302,19601312,1
Martín Ozuna Rascón,,Qk10XTD1LWrvfeC,,+56 9 4543 9649,2482081,5
Guillermina Benavides Cardona,gubeca477@outluc.com,0k0IntVFU,guillermina2413646,+56 2 0944 7411,,
Yolanda Garay Saldaña,Yolandasaldaña566@viajes.cl,HCEg9yp1QKvSE,yolanda2799960,+56 2 4761 5615,11620727,3
Sta. Antonio Zaragoza Valdés,sta.5063904@viajes.cl,f3HAq7f75SK,Sta.valdés627,+56 9 4544 1837,9060374,4
,cecilia2200858@tourket.com,0i7JdJ79rD,cecilia5268114,+56 2 9655 4298,5459949,8
Patricia Laboy Gallegos,palaga859@edubus.cal,4b9n9rKcI,palaga443,,20097467,0
Julio César Pedraza Vergara,julio8207159@viajes.cl,AqIPTr514x3F,,+56 2 8310 9101,15079270,3
María Cristina Patiño Linares,Maríalinares370@outluc.com,GX78go0SPNZK,macrpali119,+56 2 1604 9560,14461628,6
Gustavo León Sáenz,gulesá471@tourket.com,8HthDfeaLjbi38St,Gustavosáenz757,+56 2 3230 0867,19815799,6
Julia Palacios Leal,Julialeal136@wass.com,f0Ap45MwQUx,,+56 9 9856 2328,14271476,0
Pedro Juárez Salazar,pejusa630@edubus.cal,nJBY1jSyuTxB3,pejusa840,,1516678,9
Germán Rubio Laureano,germán1669314@outluc.com,6S5JlHbw2PrJ,germán6751921,+56 9 0757 2174,-20322011,1
Sra. Anita Núñez Vargas,sra.206109@viajes.cl,HBq0XdKRmb4u,sra.190884,+56 2 9393 7305,-22522587,7
,,,,,,
Estela Jasso Valverde,estela8247925@wass.com,WbxJVfevOex3Tnv,esjava228,+56 2 3792 2910,8016680,K
Cristobal Regalado Iglesias,crreig672@edubus.cal,pAvH9gJqmo5mvXZ,Cristobaliglesias148,+56 2 0134 4638,13159842,4
Alejandra Sepúlveda Castañeda,Alejandracastañeda163@tourket.com,fRY7PC4fy9DYw,Alejandracastañeda749,+56 2 2596 1407,,
Lola Villa Jaramillo,lola1297974@outluc.com,VpSR1H0rD3LyewaU,Lolajaramillo396,+56 9 6422 3456,11276838,6
Sta. Blanca Cornejo Alfaro,Sta.alfaro534@wass.com,q1GIr6yTTkvdXp,,+56 9 4060 1703,-22996616,2
,Sr.acevedo879@edubus.cal,,srmaelluac955,+56 9 5933 6014,25556082,4
,,,,,,
Carolina Cantú Ocampo,carolina833891@viajesanma.com,okY2ZaFcu1mpwN,cacaoc880,,18990086,4
Vicente Ocampo Delgadillo,Vicentedelgadillo488@edubus.cal,,Vicentedelgadillo601,,27754094,0
Víctor Esquibel Alonso,víctor2838763@viajesanma.com,OFSnoHgZep6jBq,víctor6026900,+56 2 6353 3817,4951303,8
José María Quezada Rendón,josé2853454@outluc.com,,jomaqure439,+56 2 2982 5689,2617524,0
,,,,,,
Sra. Carla Vigil Carvajal,sra.5855316@edubus.cal,dutXBBm5yS,,,14802110,4
Sta. Elvira Alarcón Mojica,,y4iqL30wDuV,stelalmo573,,4715876,1
,,,,,,
Sr. Irene Tamez Valencia,Sr.valencia152@viajes.cl,QI6VAfjI6Qy8,Sr.valencia525,+56 9 4666 3871,1924214,5
,,,,,,
Julia Almanza Iglesias,jualig422@tourket.com,1xmYApLBlYfaU,,+56 2 3602 9314,18392384,6
Pilar Orellana Velasco,Pilarvelasco414@viajesanma.com,QzU58lpohTPYeK8H,pilar6489675,+56 2 7910 8267,29954537,7
Alejandro Saiz Aguilera,Alejandroaguilera226@tourket.com,wLtWAxZ3m,,+56 9 0375 3577,6649726,7
,Lorenzosolano516@tourket.com,,lozaso190,+56 9 0351 5611,25465234,2
Manuel Rodríguez Barrientos,,,maroba211,+56 9 0865 5313,22573125,K
Cristina Cadena Gamboa,cristina3540137@viajes.cl,PFxj1sLTqPdnw2J,Cristinagamboa508,+56 2 6631 1175,15952017,K
,,,,,,
Sta. Ramiro Navarro Casares,Sta.casares518@viajes.cl,08ZyogGPO8en,Sta.casares666,+56 9 3934 7517,19826604,3
Victoria Saiz Centeno,visace262@viajesanma.com,jgtYcFs86N,visace698,+56 2 9563 1894,2607211,5
Magdalena Jiménez Díaz,magdalena6480648@edubus.cal,EQkpIdOgAJo16ZUr,,+56 2 5571 6873,11199580,K
Sr. Salvador Pineda Tirado,Sr.tirado736@outluc.com,,srsapiti526,+56 2 8417 8073,6958830,1
Sta. Patricio Rosado Granados,,zWotVlVWvY0,stparogr200,+56 2 5996 7864,20926311,4
,stirmépr243@edubus.cal,y6vg7gbAUS,sta.377744,+56 2 1107 6703,5926530,K
Sta. Ana Solís Marroquín,Sta.marroquín745@wass.com,ksF1SMVza,stansoma787,+56 9 0900 3466,15150615,1
Sta. Maricarmen Echevarría Rendón,sta.9270840@edubus.cal,,Sta.rendón313,,24290346,3
,maanvaju254@viajes.cl,47700ktFRU6,marco2139995,+56 2 7292 3435,13662548,9
Sonia Ulloa Quintana,Soniaquintana185@viajes.cl,nv9m6kU0SLdBS9,soulqu501,+56 2 5143 6043,21825553,1
Sta. Dorotea Carranza Salazar,Sta.salazar371@viajesanma.com,fo0Wi3sciCRvZc,Sta.salazar660,+56 9 8209 9256,,
,,,,,,
Marilu Ramírez Carrillo,marilu3148893@edubus.cal,FHs32lrA,marilu4044690,+56 2 7382 3934,19003449,6
María Quintana Razo,maqura244@tourket.com,bJk1VzbWNhc0BL9r,,+56 2 5433 1528,28498671,7
Rodrigo Martínez Palomino,rodrigo3395108@outluc.com,TU3I2p4FLNca19,,+56 2 8563 5148,25351250,4
Marta Muñiz Arellano,marta6290290@viajes.cl,aurBNmUqn8fIyl,mamuar772,+56 9 1230 4266,,
Eloisa Casárez Valle,eloisa5952422@outluc.com,anL4xb2xEqA,elcava846,,21899496,2
,soledad8677339@viajesanma.com,Hw5mp5Ayo,Soledadholguín501,,21351926,3
Dolores Verdugo Sáenz,Doloressáenz211@wass.com,1HPH4lblVzAz,Doloressáenz814,+56 2 8387 3883,,
Jerónimo Barragán Reséndez,jerónimo5779296@viajes.cl,DL9Tlj3K4U9aJIwx,jebare974,+56 9 5238 1110,20454362,3
,,,,,,
Enrique Carranza Valentín,enrique1940689@tourket.com,MwRq7Ql65,enrique2355646,+56 9 8549 5906,27492963,4
Sta. Armando Madrid Alicea,Sta.alicea235@edubus.cal,N9cT5nHMs0Lgd0r2,sta.7581909,+56 2 4082 8240,22761104,9
Pilar Uribe Rodarte,Pilarrodarte968@tourket.com,XLVx1K1M,pilar7681650,+56 2 1418 0579,26240750,0
Santiago Madrid Cornejo,Santiagocornejo308@viajes.cl,9jG0yF2qXfq1h0,santiago2507888,+56 9 0829 2278,,
Elisa Cuellar Ulloa,elisa8765548@wass.com,LZBuQJwjNAOt6,elisa6206861,+56 2 9650 6297,21992265,5
Mayte Morales Villalobos,mamovi842@edubus.cal,bmklGJmjP6,mamovi277,+56 9 3818 7428,12982195,7
Gilberto Urrutia Nava,giurna570@edubus.cal,OdQw5Max6BJ,gilberto1896664,+56 2 5460 1935,1503479,3
María Teresa Colunga Lovato,matecolo762@edubus.cal,pWF9djIW2v6Pg,maría3363222,+56 9 6710 2185,25242811,9
Alejandro Olivas Molina,Alejandromolina571@viajes.cl,rVJ9ZUpoWzr4Z4x,alejandro6075919,+56 9 8240 2082,21664898,6
Rocio Valdez Vela,,Acxqd4GEx0,,+56 9 4077 5059,13346582,0
,Amaliacarrero334@outluc.com,FBaFDtIa8K,amjica763,+56 2 8205 6391,21849791,8
Marco Antonio Garrido Sierra,maangasi138@edubus.cal,OJbLD7MUzh8,maangasi974,+56 2 2268 8731,994241,6
Sta. Salvador Benavides Barraza,sta.607395@viajesanma.com,MjkO8AB6aLK,sta.7073469,+56 9 9123 7981,26931615,2
Marcela Granado Águilar,Marcelaáguilar314@edubus.cal,WTwR4q51,marcela8941652,+56 9 9756 7130,18000376,2
,,,,,,
,,,,,,
Sta. Mónica Ruelas Lemus,stmórule909@viajesanma.com,EM7DyFhL7Cpwe7L,,+56 9 0728 1004,,
Rebeca Mena Abreu,Rebecaabreu983@viajes.cl,FXi3P32zYi,rebeca5043781,+56 2 5344 9359,28847141,K
Isabela Segovia Mendoza,isseme584@wass.com,z7odT2Vpo1jRP,isseme348,+56 2 1520 2296,24059763,2
Graciela Jimínez Reynoso,graciela7302116@edubus.cal,Oax1aYm8aqX8q16,grjire182,+56 9 5330 6371,18051759,6
Jaime Calderón Cortés,Jaimecortés541@wass.com,dKczOO3KkQiyop0Q,Jaimecortés282,+56 9 1950 3653,19438789,K
Lorena Zaragoza Gutiérrez,Lorenagutiérrez892@wass.com,9n3lTQHj7Iu,lozagu985,+56 2 0418 9345,10304757,9
Roberto Salas Aragón,rosaar844@wass.com,0gf84cF1poJpcIF,,+56 9 3308 7338,5497804,9
Lilia Magaña Jasso,lilia618791@viajesanma.com,ZBn9wmowgXKA9,lilia9771435,,11716466,7
Marcos Olivera Perales,,7OppPMItl,maolpe349,+56 9 1535 8890,28039535,8
Sr. Ana María Arreola Barraza,,cDmFRcI3BxFI2mh,Sr.barraza293,+56 2 2354 7375,,
Sra. Claudio Padrón Sierra,srclpasi566@tourket.com,GOVw6Fh5,sra.4473399,+56 2 2744 3406,3583383,8
,,,,,,
,,,,,,
Sta. Beatriz Badillo Abrego,Sta.abrego714@viajesanma.com,4tkNGU8aW4pLvE,stbebaab109,+56 9 2140 3185,,
,eszate416@tourket.com,lirHMk29Wp9BTUi,,+56 2 7834 5932,,
,Cristianesquibel551@viajesanma.com,b57obse9apCch,crvies162,+56 2 3289 0971,20602958,7
,,,,,,
Clara Abrego Vela,Claravela647@wass.com,,Claravela538,+56 2 4590 5330,8916697,7
Felipe Escobedo Rojo,Feliperojo857@viajes.cl,FaHaq7Gp0ramuIc,felipe6535322,+56 2 1375 3594,29359751,0
Rafael Carrasquillo Ayala,rafael7453884@wass.com,G674PW8ffTjpA,Rafaelayala833,,,
Manuel Sotelo Badillo,manuel4069228@viajes.cl,gC7WI8dx3,,+56 2 4534 1352,-18767935,4
,stelpial415@viajes.cl,,Sta.alejandro553,+56 2 6944 3051,4167197,1
Germán Rocha Fajardo,gerofa426@edubus.cal,RZk1iCAERsqv85R,gerofa608,+56 9 0072 0549,19528737,6
Silvia Venegas Tello,silvia1946634@viajes.cl,UX7L1ENaVPnGk,silvia8148496,+56 9 3512 0041,4807867,2
Pedro Marroquín Bermúdez,Pedrobermúdez301@viajes.cl,,pemabe414,+56 9 8943 0380,12942194,0
Roberto Gurule Carbajal,,Cv70zOvFhjz45,Robertocarbajal418,+56 2 7828 4719,5920628,1
Timoteo Palacios Ferrer,Timoteoferrer745@tourket.com,wzzOPVII3g58SJnD,,+56 9 5410 6105,18471684,4
María Teresa Ceja Porras,maría8660779@viajes.cl,23sNKF2RqzUYa,maría3081632,+56 9 0293 4269,,
Carlota Hernández Abrego,caheab337@viajes.cl,Bc5DOTls,carlota9905802,+56 9 8783 8298,,
Sra. Marcela Orozco García,srmaorga483@viajes.cl,2S6QeycdcpH,Sra.garcía991,+56 9 6643 6603,514394,2
Felipe Salcido Hernández,fesahe371@viajesanma.com,Ar2HphMku4RK,felipe469901,+56 2 7747 5370,22895406,3
Gregorio Guillen Rosado,gregorio1938243@viajes.cl,U3bXYTyyxM3Tl,Gregoriorosado742,+56 9 2706 7186,9584461,8
José Garay Valentín,josé9298525@viajes.cl,VdRW4wsbe,jogava943,,,
,,,,,,
Elisa Zúñiga Rascón,Elisarascón880@edubus.cal,yLrJ62av9Ix1d,elzúra776,+56 9 1379 0689,26392032,5
Teodoro Guevara Ramírez,teodoro388300@viajesanma.com,q3xx1IZHod7BXk,teodoro1112405,+56 2 9020 8238,1931317,4
Lola Caraballo Solorzano,,s7yEOk3ndag,locaso323,+56 2 0026 3659,26885358,8
Ignacio Hernandes Melgar,,X3nvBC4oq5kBaFf,ignacio3199287,,10834138,6
José Emilio Montañez Serrato,,wuU7gx9QH9f,josé1472373,+56 9 3353 4038,4090118,3
,,,,,,
Sra. Antonio Villegas Reyes,Sra.reyes599@viajes.cl,JtM6g4SCH9Poztmc,sra.5906923,+56 9 6060 0562,909896,8
Santiago Ferrer Fajardo,santiago3282575@edubus.cal,cOcwI66p,safefa374,+56 2 6644 3886,12219465,5
,,,,,,
Sra. Lucas Baca Quintanilla,srlubaqu223@wass.com,,sra.4684278,,2756189,6
Sr. Armando Romo Alfaro,,FKA1Dwgb,sr.1847883,+56 2 1093 1759,4718238,7
Alicia Porras Preciado,alpopr301@tourket.com,QBolmH24,alicia387731,+56 9 2868 6918,15435480,8
Sr. María Eugenia García Guajardo,Sr.guajardo991@wass.com,EmEOs6en5PkWz,,+56 2 5346 0269,26697298,9
Ricardo Henríquez Pulido,rihepu595@outluc.com,Pbe68HNbcI,ricardo3417698,+56 9 6124 5960,10194930,3
Eduardo Angulo Padilla,edanpa631@viajesanma.com,0u4Sk5St,eduardo6546558,+56 9 1701 5807,28100341,0
Sta. Mariana Pulido Bétancourt,stmapubé533@viajes.cl,,stmapubé313,+56 2 0930 5605,22144498,1
,anmave718@viajes.cl,ztQb872TWKYO0ndH,antonia1429995,,5723743,0
Mariano Tórrez Bañuelos,mariano2360541@edubus.cal,F1oViB6iq,matóba456,,27208778,4
Agustín Robles Acevedo,agustín5168816@viajes.cl,VUARnL50D3o0ssZ,Agustínacevedo623,+56 2 8180 4505,16840211,2
Sr. Eduardo Sevilla Malave,Sr.malave666@viajesanma.com,8GagOpYXZqZQu0b,,+56 2 5933 2542,22986967,1
Sr. María Cristina Olivera Franco,sr.4162833@outluc.com,5L8oJ489,srmacrolfr829,+56 9 6293 6254,,
Sta. Luz Arroyo Esquivel,,u3VxjJk1Zw,Sta.esquivel961,+56 9 3333 2946,22651976,9
María Teresa Gurule Quiñones,maría8426631@viajes.cl,I8GDDset,maría5699508,+56 2 4213 9624,-2164189,8
Luisa Núñez Bustamante,Luisabustamante657@viajes.cl,cTWEUy8vL,,+56 9 4419 3044,5338815,9
Ramona Tijerina Benítez,ramona601260@outluc.com,cHy3mRfVHFRPSkv,ramona1942660,+56 9 1863 2595,-1351249,3
,Cristianamaya567@edubus.cal,,Cristianamaya495,+56 9 3090 1224,,
,,,,,,
Ester Guillen Vanegas,ester2119354@wass.com,J0A1rnALUJP,ester6905914,+56 2 7601 1564,,
Sra. Graciela Solorio Ramírez,sra.8577415@wass.com,225vXeL3vKBLnR,Sra.ramírez837,+56 9 7993 2986,,
Sr. Barbara Ochoa Bustamante,Sr.bustamante598@outluc.com,,sr.6086277,+56 2 4082 3139,28151776,7
,,,,,,
María Eugenia Leiva Lucero,Maríalucero990@tourket.com,8Q95ItWAgbE,maeulelu268,,27295565,4
Amalia Lara Portillo,,dGbfSVXyBsFR4,,+56 9 3573 9905,28154229,K
Sra. Leonor Negrete Esquivel,sra.4771595@marmol.com,8ynspeNW,srlenees389,+56 9 4968 5040,11819379,2
,,,,,,
Sr. Felipe Robles Sisneros,sr.6894983@wass.com,TTgNUjf2PTR4Z,,+56 9 3559 5189,12433165,K
Sra. Vicente Acuña Concepción,Sra.concepción176@outluc.com,xJLy9y95RcOo,Sra.concepción718,+56 2 7940 4359,15399660,1
Sta. Gustavo Olivares Ruelas,sta.6474360@viajes.cl,kxsWK2kQ8P,stguolru281,+56 2 5821 7400,331832,K
Daniela Briseño Villalpando,Danielavillalpando367@viajes.cl,,dabrvi950,+56 9 8335 4710,28196268,K
Nicolás Galindo Meza,Nicolásmeza899@edubus.cal,v66HQ7HH,,+56 2 0809 1028,4504652,4
Sta. Dolores Casas Becerra,sta.1348576@outluc.com,ZzihXh38,sta.8166439,+56 9 1151 1913,20508090,2
Clemente Malave Granados,clmagr532@viajes.cl,8YB3uDYuESqN5g,clmagr638,+56 9 1727 4361,27841724,7
,,,,,,
,,,,,,
,,,,,,
Sta. Lola Fajardo Bañuelos,Sta.bañuelos977@viajes.cl,MJFl7hjh01eQW4,Sta.bañuelos701,+56 2 8279 4445,25793995,2
Víctor Holguín Quiñónez,Víctorquiñónez747@outluc.com,,,+56 9 1386 0945,,
Sta. Conchita Ruiz Narváez,stcoruna141@viajes.cl,nKBFsT3o7jegv,sta.343779,+56 2 9413 6836,3797998,8
Mariana González Granado,mariana1997804@viajesanma.com,,,+56 9 5929 8802,18106308,4
Claudia Apodaca Delgado,claudia3864958@marmol.com,,claudia9435125,+56 9 6524 3298,28262967,4
Sta. Francisco Zelaya Alvarez,,lJi0jlKkZ568DHK,sta.7881582,+56 9 2690 6011,5831732,2
Ramiro Cerda Benavídez,ramiro9519272@viajes.cl,GruRHgR47kj7yAb5,racebe427,+56 9 5516 1556,,
,,,,,,
Lucia Alcántar Laureano,lucia7493903@viajes.cl,JHhLC2An9tGqzPF,lucia5302389,+56 2 4343 8931,-24786896,8
María Barragán Tamez,maría2395412@outluc.com,d6qmXPeOT,maría6112244,+56 9 7531 7870,670584,7
Sra. Manuela Baca Batista,srmababa946@wass.com,BjJQSrM3nrI,sra.3356886,+56 9 2937 8645,9671471,8
Daniela Valladares Díaz,,o8KH6p3Qw2LD,davadí152,+56 9 9390 2406,5804017,7
Emilio Zarate Velásquez,emilio6419129@viajes.cl,BH86ZB3Bcr0,emzave871,+56 9 3305 5252,9693577,3
Armando Piña Miramontes,arpimi555@viajes.cl,WucSN5E9Bp3PSwI,,+56 2 6995 3090,17405030,9
,cecilia2200858@tourket.com,0i7JdJ79rD,cecilia5268114,+56 2 9655 4298,5459949,8
Pedro Juárez Salazar,pejusa630@edubus.cal,nJBY1jSyuTxB3,pejusa840,,1516678,9
Manuel Rodríguez Barrientos,,,maroba211,+56 9 0865 5313,22573125,K
,,,,,,
Sta. Mónica Ruelas Lemus,stmórule909@viajesanma.com,EM7DyFhL7Cpwe7L,,+56 9 0728 1004,,
Marcos Olivera Perales,,7OppPMItl,maolpe349,+56 9 1535 8890,28039535,8
,eszate416@tourket.com,lirHMk29Wp9BTUi,,+56 2 7834 5932,,
Sra. Leonor Negrete Esquivel,sra.4771595@marmol.com,8ynspeNW,srlenees389,+56 9 4968 5040,11819379,2
Sta. Dolores Casas Becerra,sta.1348576@outluc.com,ZzihXh38,sta.8166439,+56 9 1151 1913,20508090,2
,,,,,,
Sta. Francisco Zelaya Alvarez,,lJi0jlKkZ568DHK,sta.7881582,+56 9 2690 6011,5831732,2
Sta. Mónica Ruelas Lemus,stmórule909@viajesanma.com,EM7DyFhL7Cpwe7L,,+56 9 0728 1004,,
